Date,Time,Channel,User,SensorID,Sensor_Name,delta_t,Time_Unit,Value,O2_Unit,Mode,Phase,Phase_Unit,Amplitude,Amplitude_Unit,Temp,Temp_Unit,Pressure,Pressure_Unit,Salinity,Salinity_Unit,Error,Cal0,Cal0_Unit,T0,T0_Unit,O2Cal2nd,O2_Unit,Cal2nd,Cal2nd_Unit,T2nd,T2nd_Unit,CalPressure,CalPressure_Unit,f1,dPhi1,dkSv1,dPhi2,dkSv2,m,Cal_Mode,SignalLEDCurrent,User_Signal_Intensity,ReferenceLEDCurrent,Reference_Amplitude,Device_Serial,FwVersion,SwVersion,Sensor_Type,BatchID,Calibration_Date,Sensor_Lot,PreSens_Calibr,Battery_Voltage,Battery_Voltage_Unit
12/9/19,15:19:30,1,WAM,634063253,O1,0.00,min,31.674,%a.s.,Humid,35.823,deg,135247,µV,26.782,°C,1018,hPa,15,pmil,0,53.699,deg,23,°C,100,%a.s.,22.029,deg,26.769,°C,1018,hPa,0.861,-0.02617,0.00035,0,0,13.56,Humid,33.95,0,19,289761.84,SABD0002000013,AAV2.0.0.13,3.0.1.1413,PSt7-10,160531-001,12/9/19 15:18,1123-01,0,no battery,V
12/9/19,15:19:33,1,WAM,634063253,O1,0.06,min,27.111,%a.s.,Humid,37.567,deg,141644,µV,26.776,°C,1018,hPa,15,pmil,0,53.699,deg,23,°C,100,%a.s.,22.029,deg,26.769,°C,1018,hPa,0.861,-0.02617,0.00035,0,0,13.56,Humid,33.95,0,19,289753.81,SABD0002000013,AAV2.0.0.13,3.0.1.1413,PSt7-10,160531-001,12/9/19 15:18,1123-01,0,no battery,V
12/9/19,15:19:36,1,WAM,634063253,O1,0.11,min,24.389,%a.s.,Humid,38.703,deg,145716,µV,26.763,°C,1018,hPa,15,pmil,0,53.699,deg,23,°C,100,%a.s.,22.029,deg,26.769,°C,1018,hPa,0.861,-0.02617,0.00035,0,0,13.56,Humid,33.95,0,19,289733.45,SABD0002000013,AAV2.0.0.13,3.0.1.1413,PSt7-10,160531-001,12/9/19 15:18,1123-01,0,no battery,V
12/9/19,15:19:39,1,WAM,634063253,O1,0.16,min,22.653,%a.s.,Humid,39.469,deg,148431,µV,26.757,°C,1018,hPa,15,pmil,0,53.699,deg,23,°C,100,%a.s.,22.029,deg,26.769,°C,1018,hPa,0.861,-0.02617,0.00035,0,0,13.56,Humid,33.95,0,19,289742.42,SABD0002000013,AAV2.0.0.13,3.0.1.1413,PSt7-10,160531-001,12/9/19 15:18,1123-01,0,no battery,V
12/9/19,15:19:42,1,WAM,634063253,O1,0.21,min,21.827,%a.s.,Humid,39.844,deg,149737,µV,26.763,°C,1018,hPa,15,pmil,0,53.699,deg,23,°C,100,%a.s.,22.029,deg,26.769,°C,1018,hPa,0.861,-0.02617,0.00035,0,0,13.56,Humid,33.95,0,19,289740.69,SABD0002000013,AAV2.0.0.13,3.0.1.1413,PSt7-10,160531-001,12/9/19 15:18,1123-01,0,no battery,V
12/9/19,15:19:45,1,WAM,634063253,O1,0.26,min,22.277,%a.s.,Humid,39.638,deg,149068,µV,26.763,°C,1018,hPa,15,pmil,0,53.699,deg,23,°C,100,%a.s.,22.029,deg,26.769,°C,1018,hPa,0.861,-0.02617,0.00035,0,0,13.56,Humid,33.95,0,19,289739.36,SABD0002000013,AAV2.0.0.13,3.0.1.1413,PSt7-10,160531-001,12/9/19 15:18,1123-01,0,no battery,V
12/9/19,15:19:48,1,WAM,634063253,O1,0.31,min,23.855,%a.s.,Humid,38.934,deg,146600,µV,26.769,°C,1018,hPa,15,pmil,0,53.699,deg,23,°C,100,%a.s.,22.029,deg,26.769,°C,1018,hPa,0.861,-0.02617,0.00035,0,0,13.56,Humid,33.95,0,19,289741.42,SABD0002000013,AAV2.0.0.13,3.0.1.1413,PSt7-10,160531-001,12/9/19 15:18,1123-01,0,no battery,V
12/9/19,15:19:51,1,WAM,634063253,O1,0.36,min,25.632,%a.s.,Humid,38.174,deg,143937,µV,26.776,°C,1018,hPa,15,pmil,0,53.699,deg,23,°C,100,%a.s.,22.029,deg,26.769,°C,1018,hPa,0.861,-0.02617,0.00035,0,0,13.56,Humid,33.95,0,19,289727.14,SABD0002000013,AAV2.0.0.13,3.0.1.1413,PSt7-10,160531-001,12/9/19 15:18,1123-01,0,no battery,V
12/9/19,15:19:54,1,WAM,634063253,O1,0.41,min,32.286,%a.s.,Humid,35.604,deg,134721,µV,26.776,°C,1018,hPa,15,pmil,0,53.699,deg,23,°C,100,%a.s.,22.029,deg,26.769,°C,1018,hPa,0.861,-0.02617,0.00035,0,0,13.56,Humid,33.95,0,19,289717.63,SABD0002000013,AAV2.0.0.13,3.0.1.1413,PSt7-10,160531-001,12/9/19 15:18,1123-01,0,no battery,V
12/9/19,15:19:57,1,WAM,634063253,O1,0.46,min,43.854,%a.s.,Humid,31.963,deg,120812,µV,26.776,°C,1018,hPa,15,pmil,0,53.699,deg,23,°C,100,%a.s.,22.029,deg,26.769,°C,1018,hPa,0.861,-0.02617,0.00035,0,0,13.56,Humid,33.95,0,19,289731.15,SABD0002000013,AAV2.0.0.13,3.0.1.1413,PSt7-10,160531-001,12/9/19 15:18,1123-01,0,no battery,V
12/9/19,15:20:00,1,WAM,634063253,O1,0.51,min,48.844,%a.s.,Humid,30.644,deg,115542,µV,26.782,°C,1018,hPa,15,pmil,0,53.699,deg,23,°C,100,%a.s.,22.029,deg,26.769,°C,1018,hPa,0.861,-0.02617,0.00035,0,0,13.56,Humid,33.95,0,19,289700.8,SABD0002000013,AAV2.0.0.13,3.0.1.1413,PSt7-10,160531-001,12/9/19 15:18,1123-01,0,no battery,V
12/9/19,15:20:03,1,WAM,634063253,O1,0.56,min,50.831,%a.s.,Humid,30.154,deg,113610,µV,26.782,°C,1018,hPa,15,pmil,0,53.699,deg,23,°C,100,%a.s.,22.029,deg,26.769,°C,1018,hPa,0.861,-0.02617,0.00035,0,0,13.56,Humid,33.95,0,19,289732.07,SABD0002000013,AAV2.0.0.13,3.0.1.1413,PSt7-10,160531-001,12/9/19 15:18,1123-01,0,no battery,V
12/9/19,15:20:06,1,WAM,634063253,O1,0.61,min,51.542,%a.s.,Humid,29.983,deg,112918,µV,26.782,°C,1018,hPa,15,pmil,0,53.699,deg,23,°C,100,%a.s.,22.029,deg,26.769,°C,1018,hPa,0.861,-0.02617,0.00035,0,0,13.56,Humid,33.95,0,19,289702.21,SABD0002000013,AAV2.0.0.13,3.0.1.1413,PSt7-10,160531-001,12/9/19 15:18,1123-01,0,no battery,V
12/9/19,15:20:09,1,WAM,634063253,O1,0.66,min,51.673,%a.s.,Humid,29.951,deg,112767,µV,26.788,°C,1018,hPa,15,pmil,0,53.699,deg,23,°C,100,%a.s.,22.029,deg,26.769,°C,1018,hPa,0.861,-0.02617,0.00035,0,0,13.56,Humid,33.95,0,19,289692.92,SABD0002000013,AAV2.0.0.13,3.0.1.1413,PSt7-10,160531-001,12/9/19 15:18,1123-01,0,no battery,V
12/9/19,15:20:12,1,WAM,634063253,O1,0.71,min,51.217,%a.s.,Humid,30.061,deg,113192,µV,26.782,°C,1018,hPa,15,pmil,0,53.699,deg,23,°C,100,%a.s.,22.029,deg,26.769,°C,1018,hPa,0.861,-0.02617,0.00035,0,0,13.56,Humid,33.95,0,19,289719.23,SABD0002000013,AAV2.0.0.13,3.0.1.1413,PSt7-10,160531-001,12/9/19 15:18,1123-01,0,no battery,V
12/9/19,15:20:15,1,WAM,634063253,O1,0.76,min,50.415,%a.s.,Humid,30.255,deg,113977,µV,26.782,°C,1018,hPa,15,pmil,0,53.699,deg,23,°C,100,%a.s.,22.029,deg,26.769,°C,1018,hPa,0.861,-0.02617,0.00035,0,0,13.56,Humid,33.95,0,19,289714.13,SABD0002000013,AAV2.0.0.13,3.0.1.1413,PSt7-10,160531-001,12/9/19 15:18,1123-01,0,no battery,V
12/9/19,15:20:18,1,WAM,634063253,O1,0.81,min,49.608,%a.s.,Humid,30.455,deg,114767,µV,26.769,°C,1018,hPa,15,pmil,0,53.699,deg,23,°C,100,%a.s.,22.029,deg,26.769,°C,1018,hPa,0.861,-0.02617,0.00035,0,0,13.56,Humid,33.95,0,19,289714.89,SABD0002000013,AAV2.0.0.13,3.0.1.1413,PSt7-10,160531-001,12/9/19 15:18,1123-01,0,no battery,V
12/9/19,15:20:21,1,WAM,634063253,O1,0.86,min,49.203,%a.s.,Humid,30.555,deg,115159,µV,26.776,°C,1018,hPa,15,pmil,0,53.699,deg,23,°C,100,%a.s.,22.029,deg,26.769,°C,1018,hPa,0.861,-0.02617,0.00035,0,0,13.56,Humid,33.95,0,19,289683.58,SABD0002000013,AAV2.0.0.13,3.0.1.1413,PSt7-10,160531-001,12/9/19 15:18,1123-01,0,no battery,V
12/9/19,15:20:24,1,WAM,634063253,O1,0.91,min,49.035,%a.s.,Humid,30.597,deg,115320,µV,26.776,°C,1018,hPa,15,pmil,0,53.699,deg,23,°C,100,%a.s.,22.029,deg,26.769,°C,1018,hPa,0.861,-0.02617,0.00035,0,0,13.56,Humid,33.95,0,19,289706.78,SABD0002000013,AAV2.0.0.13,3.0.1.1413,PSt7-10,160531-001,12/9/19 15:18,1123-01,0,no battery,V
12/9/19,15:20:27,1,WAM,634063253,O1,0.96,min,48.923,%a.s.,Humid,30.625,deg,115431,µV,26.776,°C,1018,hPa,15,pmil,0,53.699,deg,23,°C,100,%a.s.,22.029,deg,26.769,°C,1018,hPa,0.861,-0.02617,0.00035,0,0,13.56,Humid,33.95,0,19,289674.6,SABD0002000013,AAV2.0.0.13,3.0.1.1413,PSt7-10,160531-001,12/9/19 15:18,1123-01,0,no battery,V
12/9/19,15:20:30,1,WAM,634063253,O1,1.01,min,48.852,%a.s.,Humid,30.641,deg,115474,µV,26.788,°C,1018,hPa,15,pmil,0,53.699,deg,23,°C,100,%a.s.,22.029,deg,26.769,°C,1018,hPa,0.861,-0.02617,0.00035,0,0,13.56,Humid,33.95,0,19,289680.62,SABD0002000013,AAV2.0.0.13,3.0.1.1413,PSt7-10,160531-001,12/9/19 15:18,1123-01,0,no battery,V
12/9/19,15:20:33,1,WAM,634063253,O1,1.06,min,48.832,%a.s.,Humid,30.647,deg,115495,µV,26.782,°C,1018,hPa,15,pmil,0,53.699,deg,23,°C,100,%a.s.,22.029,deg,26.769,°C,1018,hPa,0.861,-0.02617,0.00035,0,0,13.56,Humid,33.95,0,19,289682.9,SABD0002000013,AAV2.0.0.13,3.0.1.1413,PSt7-10,160531-001,12/9/19 15:18,1123-01,0,no battery,V
12/9/19,15:20:36,1,WAM,634063253,O1,1.11,min,48.832,%a.s.,Humid,30.647,deg,115559,µV,26.782,°C,1018,hPa,15,pmil,0,53.699,deg,23,°C,100,%a.s.,22.029,deg,26.769,°C,1018,hPa,0.861,-0.02617,0.00035,0,0,13.56,Humid,33.95,0,19,289680.46,SABD0002000013,AAV2.0.0.13,3.0.1.1413,PSt7-10,160531-001,12/9/19 15:18,1123-01,0,no battery,V
12/9/19,15:20:39,1,WAM,634063253,O1,1.16,min,48.903,%a.s.,Humid,30.63,deg,115516,µV,26.776,°C,1018,hPa,15,pmil,0,53.699,deg,23,°C,100,%a.s.,22.029,deg,26.769,°C,1018,hPa,0.861,-0.02617,0.00035,0,0,13.56,Humid,33.95,0,19,289673.2,SABD0002000013,AAV2.0.0.13,3.0.1.1413,PSt7-10,160531-001,12/9/19 15:18,1123-01,0,no battery,V
12/9/19,15:20:42,1,WAM,634063253,O1,1.21,min,48.915,%a.s.,Humid,30.627,deg,115464,µV,26.776,°C,1018,hPa,15,pmil,0,53.699,deg,23,°C,100,%a.s.,22.029,deg,26.769,°C,1018,hPa,0.861,-0.02617,0.00035,0,0,13.56,Humid,33.95,0,19,289682.65,SABD0002000013,AAV2.0.0.13,3.0.1.1413,PSt7-10,160531-001,12/9/19 15:18,1123-01,0,no battery,V
12/9/19,15:20:45,1,WAM,634063253,O1,1.26,min,48.923,%a.s.,Humid,30.624,deg,115438,µV,26.782,°C,1018,hPa,15,pmil,0,53.699,deg,23,°C,100,%a.s.,22.029,deg,26.769,°C,1018,hPa,0.861,-0.02617,0.00035,0,0,13.56,Humid,33.95,0,19,289669.01,SABD0002000013,AAV2.0.0.13,3.0.1.1413,PSt7-10,160531-001,12/9/19 15:18,1123-01,0,no battery,V
12/9/19,15:20:48,1,WAM,634063253,O1,1.31,min,49.015,%a.s.,Humid,30.601,deg,115332,µV,26.782,°C,1018,hPa,15,pmil,0,53.699,deg,23,°C,100,%a.s.,22.029,deg,26.769,°C,1018,hPa,0.861,-0.02617,0.00035,0,0,13.56,Humid,33.95,0,19,289659.48,SABD0002000013,AAV2.0.0.13,3.0.1.1413,PSt7-10,160531-001,12/9/19 15:18,1123-01,0,no battery,V
12/9/19,15:20:52,1,WAM,634063253,O1,1.37,min,49.38,%a.s.,Humid,30.51,deg,114991,µV,26.782,°C,1018,hPa,15,pmil,0,53.699,deg,23,°C,100,%a.s.,22.029,deg,26.769,°C,1018,hPa,0.861,-0.02617,0.00035,0,0,13.56,Humid,33.95,0,19,289665.01,SABD0002000013,AAV2.0.0.13,3.0.1.1413,PSt7-10,160531-001,12/9/19 15:18,1123-01,0,no battery,V
12/9/19,15:20:55,1,WAM,634063253,O1,1.42,min,49.67,%a.s.,Humid,30.438,deg,114711,µV,26.782,°C,1018,hPa,15,pmil,0,53.699,deg,23,°C,100,%a.s.,22.029,deg,26.769,°C,1018,hPa,0.861,-0.02617,0.00035,0,0,13.56,Humid,33.95,0,19,289661.13,SABD0002000013,AAV2.0.0.13,3.0.1.1413,PSt7-10,160531-001,12/9/19 15:18,1123-01,0,no battery,V
12/9/19,15:20:58,1,WAM,634063253,O1,1.47,min,50.181,%a.s.,Humid,30.313,deg,114205,µV,26.776,°C,1018,hPa,15,pmil,0,53.699,deg,23,°C,100,%a.s.,22.029,deg,26.769,°C,1018,hPa,0.861,-0.02617,0.00035,0,0,13.56,Humid,33.95,0,19,289655.44,SABD0002000013,AAV2.0.0.13,3.0.1.1413,PSt7-10,160531-001,12/9/19 15:18,1123-01,0,no battery,V
12/9/19,15:21:01,1,WAM,634063253,O1,1.52,min,51.02,%a.s.,Humid,30.111,deg,113400,µV,26.763,°C,1018,hPa,15,pmil,0,53.699,deg,23,°C,100,%a.s.,22.029,deg,26.769,°C,1018,hPa,0.861,-0.02617,0.00035,0,0,13.56,Humid,33.95,0,19,289648.47,SABD0002000013,AAV2.0.0.13,3.0.1.1413,PSt7-10,160531-001,12/9/19 15:18,1123-01,0,no battery,V
12/9/19,15:21:04,1,WAM,634063253,O1,1.57,min,51.636,%a.s.,Humid,29.967,deg,112830,µV,26.739,°C,1018,hPa,15,pmil,0,53.699,deg,23,°C,100,%a.s.,22.029,deg,26.769,°C,1018,hPa,0.861,-0.02617,0.00035,0,0,13.56,Humid,33.95,0,19,289654.07,SABD0002000013,AAV2.0.0.13,3.0.1.1413,PSt7-10,160531-001,12/9/19 15:18,1123-01,0,no battery,V
12/9/19,15:21:07,1,WAM,634063253,O1,1.62,min,52.129,%a.s.,Humid,29.849,deg,112357,µV,26.745,°C,1018,hPa,15,pmil,0,53.699,deg,23,°C,100,%a.s.,22.029,deg,26.769,°C,1018,hPa,0.861,-0.02617,0.00035,0,0,13.56,Humid,33.95,0,19,289647.51,SABD0002000013,AAV2.0.0.13,3.0.1.1413,PSt7-10,160531-001,12/9/19 15:18,1123-01,0,no battery,V
12/9/19,15:21:10,1,WAM,634063253,O1,1.67,min,52.611,%a.s.,Humid,29.735,deg,111906,µV,26.751,°C,1018,hPa,15,pmil,0,53.699,deg,23,°C,100,%a.s.,22.029,deg,26.769,°C,1018,hPa,0.861,-0.02617,0.00035,0,0,13.56,Humid,33.95,0,19,289646.44,SABD0002000013,AAV2.0.0.13,3.0.1.1413,PSt7-10,160531-001,12/9/19 15:18,1123-01,0,no battery,V
12/9/19,15:21:13,1,WAM,634063253,O1,1.72,min,52.942,%a.s.,Humid,29.655,deg,111586,µV,26.769,°C,1018,hPa,15,pmil,0,53.699,deg,23,°C,100,%a.s.,22.029,deg,26.769,°C,1018,hPa,0.861,-0.02617,0.00035,0,0,13.56,Humid,33.95,0,19,289638.18,SABD0002000013,AAV2.0.0.13,3.0.1.1413,PSt7-10,160531-001,12/9/19 15:18,1123-01,0,no battery,V
12/9/19,15:21:16,1,WAM,634063253,O1,1.77,min,53.094,%a.s.,Humid,29.619,deg,111424,µV,26.776,°C,1018,hPa,15,pmil,0,53.699,deg,23,°C,100,%a.s.,22.029,deg,26.769,°C,1018,hPa,0.861,-0.02617,0.00035,0,0,13.56,Humid,33.95,0,19,289646.22,SABD0002000013,AAV2.0.0.13,3.0.1.1413,PSt7-10,160531-001,12/9/19 15:18,1123-01,0,no battery,V
12/9/19,15:21:19,1,WAM,634063253,O1,1.82,min,53.297,%a.s.,Humid,29.572,deg,111235,µV,26.776,°C,1018,hPa,15,pmil,0,53.699,deg,23,°C,100,%a.s.,22.029,deg,26.769,°C,1018,hPa,0.861,-0.02617,0.00035,0,0,13.56,Humid,33.95,0,19,289636.45,SABD0002000013,AAV2.0.0.13,3.0.1.1413,PSt7-10,160531-001,12/9/19 15:18,1123-01,0,no battery,V
12/9/19,15:21:22,1,WAM,634063253,O1,1.87,min,53.504,%a.s.,Humid,29.525,deg,111058,µV,26.769,°C,1018,hPa,15,pmil,0,53.699,deg,23,°C,100,%a.s.,22.029,deg,26.769,°C,1018,hPa,0.861,-0.02617,0.00035,0,0,13.56,Humid,33.95,0,19,289635.38,SABD0002000013,AAV2.0.0.13,3.0.1.1413,PSt7-10,160531-001,12/9/19 15:18,1123-01,0,no battery,V
12/9/19,15:21:25,1,WAM,634063253,O1,1.92,min,53.744,%a.s.,Humid,29.47,deg,110831,µV,26.769,°C,1018,hPa,15,pmil,0,53.699,deg,23,°C,100,%a.s.,22.029,deg,26.769,°C,1018,hPa,0.861,-0.02617,0.00035,0,0,13.56,Humid,33.95,0,19,289625.46,SABD0002000013,AAV2.0.0.13,3.0.1.1413,PSt7-10,160531-001,12/9/19 15:18,1123-01,0,no battery,V
12/9/19,15:21:28,1,WAM,634063253,O1,1.97,min,53.924,%a.s.,Humid,29.428,deg,110668,µV,26.776,°C,1018,hPa,15,pmil,0,53.699,deg,23,°C,100,%a.s.,22.029,deg,26.769,°C,1018,hPa,0.861,-0.02617,0.00035,0,0,13.56,Humid,33.95,0,19,289631.37,SABD0002000013,AAV2.0.0.13,3.0.1.1413,PSt7-10,160531-001,12/9/19 15:18,1123-01,0,no battery,V
12/9/19,15:21:31,1,WAM,634063253,O1,2.02,min,54.064,%a.s.,Humid,29.396,deg,110532,µV,26.776,°C,1018,hPa,15,pmil,0,53.699,deg,23,°C,100,%a.s.,22.029,deg,26.769,°C,1018,hPa,0.861,-0.02617,0.00035,0,0,13.56,Humid,33.95,0,19,289626.29,SABD0002000013,AAV2.0.0.13,3.0.1.1413,PSt7-10,160531-001,12/9/19 15:18,1123-01,0,no battery,V
12/9/19,15:21:34,1,WAM,634063253,O1,2.07,min,54.231,%a.s.,Humid,29.359,deg,110384,µV,26.769,°C,1018,hPa,15,pmil,0,53.699,deg,23,°C,100,%a.s.,22.029,deg,26.769,°C,1018,hPa,0.861,-0.02617,0.00035,0,0,13.56,Humid,33.95,0,19,289622.3,SABD0002000013,AAV2.0.0.13,3.0.1.1413,PSt7-10,160531-001,12/9/19 15:18,1123-01,0,no battery,V
12/9/19,15:21:37,1,WAM,634063253,O1,2.12,min,54.329,%a.s.,Humid,29.334,deg,110270,µV,26.788,°C,1018,hPa,15,pmil,0,53.699,deg,23,°C,100,%a.s.,22.029,deg,26.769,°C,1018,hPa,0.861,-0.02617,0.00035,0,0,13.56,Humid,33.95,0,19,289606.85,SABD0002000013,AAV2.0.0.13,3.0.1.1413,PSt7-10,160531-001,12/9/19 15:18,1123-01,0,no battery,V
12/9/19,15:21:40,1,WAM,634063253,O1,2.17,min,54.369,%a.s.,Humid,29.324,deg,110244,µV,26.794,°C,1018,hPa,15,pmil,0,53.699,deg,23,°C,100,%a.s.,22.029,deg,26.769,°C,1018,hPa,0.861,-0.02617,0.00035,0,0,13.56,Humid,33.95,0,19,289622.18,SABD0002000013,AAV2.0.0.13,3.0.1.1413,PSt7-10,160531-001,12/9/19 15:18,1123-01,0,no battery,V
12/9/19,15:21:43,1,WAM,634063253,O1,2.22,min,54.392,%a.s.,Humid,29.319,deg,110218,µV,26.794,°C,1018,hPa,15,pmil,0,53.699,deg,23,°C,100,%a.s.,22.029,deg,26.769,°C,1018,hPa,0.861,-0.02617,0.00035,0,0,13.56,Humid,33.95,0,19,289618.87,SABD0002000013,AAV2.0.0.13,3.0.1.1413,PSt7-10,160531-001,12/9/19 15:18,1123-01,0,no battery,V
12/9/19,15:21:45,1,WAM,634063253,O1,2.26,min,54.452,%a.s.,Humid,29.307,deg,110168,µV,26.782,°C,1018,hPa,15,pmil,0,53.699,deg,23,°C,100,%a.s.,22.029,deg,26.769,°C,1018,hPa,0.861,-0.02617,0.00035,0,0,13.56,Humid,33.95,0,19,289610.42,SABD0002000013,AAV2.0.0.13,3.0.1.1413,PSt7-10,160531-001,12/9/19 15:18,1123-01,0,no battery,V
12/9/19,15:21:48,1,WAM,634063253,O1,2.31,min,54.538,%a.s.,Humid,29.286,deg,110081,µV,26.794,°C,1018,hPa,15,pmil,0,53.699,deg,23,°C,100,%a.s.,22.029,deg,26.769,°C,1018,hPa,0.861,-0.02617,0.00035,0,0,13.56,Humid,33.95,0,19,289600.33,SABD0002000013,AAV2.0.0.13,3.0.1.1413,PSt7-10,160531-001,12/9/19 15:18,1123-01,0,no battery,V
12/9/19,15:21:51,1,WAM,634063253,O1,2.36,min,54.604,%a.s.,Humid,29.271,deg,110013,µV,26.794,°C,1018,hPa,15,pmil,0,53.699,deg,23,°C,100,%a.s.,22.029,deg,26.769,°C,1018,hPa,0.861,-0.02617,0.00035,0,0,13.56,Humid,33.95,0,19,289607.42,SABD0002000013,AAV2.0.0.13,3.0.1.1413,PSt7-10,160531-001,12/9/19 15:18,1123-01,0,no battery,V
12/9/19,15:21:54,1,WAM,634063253,O1,2.41,min,54.683,%a.s.,Humid,29.254,deg,109968,µV,26.788,°C,1018,hPa,15,pmil,0,53.699,deg,23,°C,100,%a.s.,22.029,deg,26.769,°C,1018,hPa,0.861,-0.02617,0.00035,0,0,13.56,Humid,33.95,0,19,289604.53,SABD0002000013,AAV2.0.0.13,3.0.1.1413,PSt7-10,160531-001,12/9/19 15:18,1123-01,0,no battery,V
12/9/19,15:21:57,1,WAM,634063253,O1,2.46,min,54.762,%a.s.,Humid,29.238,deg,109872,µV,26.776,°C,1018,hPa,15,pmil,0,53.699,deg,23,°C,100,%a.s.,22.029,deg,26.769,°C,1018,hPa,0.861,-0.02617,0.00035,0,0,13.56,Humid,33.95,0,19,289599.16,SABD0002000013,AAV2.0.0.13,3.0.1.1413,PSt7-10,160531-001,12/9/19 15:18,1123-01,0,no battery,V
12/9/19,15:22:00,1,WAM,634063253,O1,2.51,min,54.835,%a.s.,Humid,29.22,deg,109830,µV,26.788,°C,1018,hPa,15,pmil,0,53.699,deg,23,°C,100,%a.s.,22.029,deg,26.769,°C,1018,hPa,0.861,-0.02617,0.00035,0,0,13.56,Humid,33.95,0,19,289605.27,SABD0002000013,AAV2.0.0.13,3.0.1.1413,PSt7-10,160531-001,12/9/19 15:18,1123-01,0,no battery,V
12/9/19,15:22:03,1,WAM,634063253,O1,2.56,min,54.875,%a.s.,Humid,29.211,deg,109775,µV,26.788,°C,1018,hPa,15,pmil,0,53.699,deg,23,°C,100,%a.s.,22.029,deg,26.769,°C,1018,hPa,0.861,-0.02617,0.00035,0,0,13.56,Humid,33.95,0,19,289601.31,SABD0002000013,AAV2.0.0.13,3.0.1.1413,PSt7-10,160531-001,12/9/19 15:18,1123-01,0,no battery,V
12/9/19,15:22:06,1,WAM,634063253,O1,2.61,min,55.934,%a.s.,Humid,28.981,deg,108867,µV,26.751,°C,1018,hPa,15,pmil,0,53.699,deg,23,°C,100,%a.s.,22.029,deg,26.769,°C,1018,hPa,0.861,-0.02617,0.00035,0,0,13.56,Humid,33.95,0,19,289612.71,SABD0002000013,AAV2.0.0.13,3.0.1.1413,PSt7-10,160531-001,12/9/19 15:18,1123-01,0,no battery,V
12/9/19,15:22:09,1,WAM,634063253,O1,2.66,min,57.812,%a.s.,Humid,28.579,deg,107269,µV,26.72,°C,1018,hPa,15,pmil,0,53.699,deg,23,°C,100,%a.s.,22.029,deg,26.769,°C,1018,hPa,0.861,-0.02617,0.00035,0,0,13.56,Humid,33.95,0,19,289605.66,SABD0002000013,AAV2.0.0.13,3.0.1.1413,PSt7-10,160531-001,12/9/19 15:18,1123-01,0,no battery,V
12/9/19,15:22:12,1,WAM,634063253,O1,2.71,min,59.916,%a.s.,Humid,28.138,deg,105503,µV,26.732,°C,1018,hPa,15,pmil,0,53.699,deg,23,°C,100,%a.s.,22.029,deg,26.769,°C,1018,hPa,0.861,-0.02617,0.00035,0,0,13.56,Humid,33.95,0,19,289593.46,SABD0002000013,AAV2.0.0.13,3.0.1.1413,PSt7-10,160531-001,12/9/19 15:18,1123-01,0,no battery,V
12/9/19,15:22:15,1,WAM,634063253,O1,2.76,min,62.13,%a.s.,Humid,27.691,deg,103696,µV,26.745,°C,1018,hPa,15,pmil,0,53.699,deg,23,°C,100,%a.s.,22.029,deg,26.769,°C,1018,hPa,0.861,-0.02617,0.00035,0,0,13.56,Humid,33.95,0,19,289591.78,SABD0002000013,AAV2.0.0.13,3.0.1.1413,PSt7-10,160531-001,12/9/19 15:18,1123-01,0,no battery,V
12/9/19,15:22:18,1,WAM,634063253,O1,2.81,min,64.325,%a.s.,Humid,27.265,deg,101972,µV,26.751,°C,1018,hPa,15,pmil,0,53.699,deg,23,°C,100,%a.s.,22.029,deg,26.769,°C,1018,hPa,0.861,-0.02617,0.00035,0,0,13.56,Humid,33.95,0,19,289603.7,SABD0002000013,AAV2.0.0.13,3.0.1.1413,PSt7-10,160531-001,12/9/19 15:18,1123-01,0,no battery,V
12/9/19,15:22:21,1,WAM,634063253,O1,2.86,min,66.565,%a.s.,Humid,26.847,deg,100257,µV,26.751,°C,1018,hPa,15,pmil,0,53.699,deg,23,°C,100,%a.s.,22.029,deg,26.769,°C,1018,hPa,0.861,-0.02617,0.00035,0,0,13.56,Humid,33.95,0,19,289603.39,SABD0002000013,AAV2.0.0.13,3.0.1.1413,PSt7-10,160531-001,12/9/19 15:18,1123-01,0,no battery,V
12/9/19,15:22:24,1,WAM,634063253,O1,2.91,min,68.755,%a.s.,Humid,26.452,deg,98662,µV,26.757,°C,1018,hPa,15,pmil,0,53.699,deg,23,°C,100,%a.s.,22.029,deg,26.769,°C,1018,hPa,0.861,-0.02617,0.00035,0,0,13.56,Humid,33.95,0,19,289592.18,SABD0002000013,AAV2.0.0.13,3.0.1.1413,PSt7-10,160531-001,12/9/19 15:18,1123-01,0,no battery,V
12/9/19,15:22:27,1,WAM,634063253,O1,2.96,min,70.807,%a.s.,Humid,26.096,deg,97207,µV,26.751,°C,1018,hPa,15,pmil,0,53.699,deg,23,°C,100,%a.s.,22.029,deg,26.769,°C,1018,hPa,0.861,-0.02617,0.00035,0,0,13.56,Humid,33.95,0,19,289592.96,SABD0002000013,AAV2.0.0.13,3.0.1.1413,PSt7-10,160531-001,12/9/19 15:18,1123-01,0,no battery,V
12/9/19,15:22:30,1,WAM,634063253,O1,3.01,min,72.743,%a.s.,Humid,25.769,deg,95865,µV,26.757,°C,1018,hPa,15,pmil,0,53.699,deg,23,°C,100,%a.s.,22.029,deg,26.769,°C,1018,hPa,0.861,-0.02617,0.00035,0,0,13.56,Humid,33.95,0,19,289601.23,SABD0002000013,AAV2.0.0.13,3.0.1.1413,PSt7-10,160531-001,12/9/19 15:18,1123-01,0,no battery,V
12/9/19,15:22:33,1,WAM,634063253,O1,3.06,min,74.657,%a.s.,Humid,25.456,deg,94595,µV,26.757,°C,1018,hPa,15,pmil,0,53.699,deg,23,°C,100,%a.s.,22.029,deg,26.769,°C,1018,hPa,0.861,-0.02617,0.00035,0,0,13.56,Humid,33.95,0,19,289586.39,SABD0002000013,AAV2.0.0.13,3.0.1.1413,PSt7-10,160531-001,12/9/19 15:18,1123-01,0,no battery,V
12/9/19,15:22:36,1,WAM,634063253,O1,3.11,min,76.45,%a.s.,Humid,25.171,deg,93425,µV,26.757,°C,1018,hPa,15,pmil,0,53.699,deg,23,°C,100,%a.s.,22.029,deg,26.769,°C,1018,hPa,0.861,-0.02617,0.00035,0,0,13.56,Humid,33.95,0,19,289586.7,SABD0002000013,AAV2.0.0.13,3.0.1.1413,PSt7-10,160531-001,12/9/19 15:18,1123-01,0,no battery,V
12/9/19,15:22:39,1,WAM,634063253,O1,3.16,min,78.112,%a.s.,Humid,24.912,deg,92360,µV,26.769,°C,1018,hPa,15,pmil,0,53.699,deg,23,°C,100,%a.s.,22.029,deg,26.769,°C,1018,hPa,0.861,-0.02617,0.00035,0,0,13.56,Humid,33.95,0,19,289581.69,SABD0002000013,AAV2.0.0.13,3.0.1.1413,PSt7-10,160531-001,12/9/19 15:18,1123-01,0,no battery,V
12/9/19,15:22:42,1,WAM,634063253,O1,3.21,min,79.712,%a.s.,Humid,24.671,deg,91375,µV,26.763,°C,1018,hPa,15,pmil,0,53.699,deg,23,°C,100,%a.s.,22.029,deg,26.769,°C,1018,hPa,0.861,-0.02617,0.00035,0,0,13.56,Humid,33.95,0,19,289581.88,SABD0002000013,AAV2.0.0.13,3.0.1.1413,PSt7-10,160531-001,12/9/19 15:18,1123-01,0,no battery,V
12/9/19,15:22:45,1,WAM,634063253,O1,3.26,min,81.146,%a.s.,Humid,24.459,deg,90481,µV,26.763,°C,1018,hPa,15,pmil,0,53.699,deg,23,°C,100,%a.s.,22.029,deg,26.769,°C,1018,hPa,0.861,-0.02617,0.00035,0,0,13.56,Humid,33.95,0,19,289569.11,SABD0002000013,AAV2.0.0.13,3.0.1.1413,PSt7-10,160531-001,12/9/19 15:18,1123-01,0,no battery,V
12/9/19,15:22:48,1,WAM,634063253,O1,3.31,min,82.504,%a.s.,Humid,24.263,deg,89664,µV,26.757,°C,1018,hPa,15,pmil,0,53.699,deg,23,°C,100,%a.s.,22.029,deg,26.769,°C,1018,hPa,0.861,-0.02617,0.00035,0,0,13.56,Humid,33.95,0,19,289555.49,SABD0002000013,AAV2.0.0.13,3.0.1.1413,PSt7-10,160531-001,12/9/19 15:18,1123-01,0,no battery,V
12/9/19,15:22:51,1,WAM,634063253,O1,3.36,min,83.808,%a.s.,Humid,24.076,deg,88927,µV,26.769,°C,1018,hPa,15,pmil,0,53.699,deg,23,°C,100,%a.s.,22.029,deg,26.769,°C,1018,hPa,0.861,-0.02617,0.00035,0,0,13.56,Humid,33.95,0,19,289567.46,SABD0002000013,AAV2.0.0.13,3.0.1.1413,PSt7-10,160531-001,12/9/19 15:18,1123-01,0,no battery,V
12/9/19,15:22:54,1,WAM,634063253,O1,3.41,min,84.975,%a.s.,Humid,23.913,deg,88243,µV,26.769,°C,1018,hPa,15,pmil,0,53.699,deg,23,°C,100,%a.s.,22.029,deg,26.769,°C,1018,hPa,0.861,-0.02617,0.00035,0,0,13.56,Humid,33.95,0,19,289553.6,SABD0002000013,AAV2.0.0.13,3.0.1.1413,PSt7-10,160531-001,12/9/19 15:18,1123-01,0,no battery,V
12/9/19,15:22:57,1,WAM,634063253,O1,3.46,min,85.992,%a.s.,Humid,23.774,deg,87639,µV,26.763,°C,1018,hPa,15,pmil,0,53.699,deg,23,°C,100,%a.s.,22.029,deg,26.769,°C,1018,hPa,0.861,-0.02617,0.00035,0,0,13.56,Humid,33.95,0,19,289562.81,SABD0002000013,AAV2.0.0.13,3.0.1.1413,PSt7-10,160531-001,12/9/19 15:18,1123-01,0,no battery,V
12/9/19,15:23:00,1,WAM,634063253,O1,3.51,min,87.034,%a.s.,Humid,23.631,deg,87066,µV,26.776,°C,1018,hPa,15,pmil,0,53.699,deg,23,°C,100,%a.s.,22.029,deg,26.769,°C,1018,hPa,0.861,-0.02617,0.00035,0,0,13.56,Humid,33.95,0,19,289559.21,SABD0002000013,AAV2.0.0.13,3.0.1.1413,PSt7-10,160531-001,12/9/19 15:18,1123-01,0,no battery,V
12/9/19,15:23:03,1,WAM,634063253,O1,3.56,min,87.982,%a.s.,Humid,23.505,deg,86553,µV,26.769,°C,1018,hPa,15,pmil,0,53.699,deg,23,°C,100,%a.s.,22.029,deg,26.769,°C,1018,hPa,0.861,-0.02617,0.00035,0,0,13.56,Humid,33.95,0,19,289570.6,SABD0002000013,AAV2.0.0.13,3.0.1.1413,PSt7-10,160531-001,12/9/19 15:18,1123-01,0,no battery,V
12/9/19,15:23:06,1,WAM,634063253,O1,3.61,min,88.852,%a.s.,Humid,23.391,deg,86077,µV,26.763,°C,1018,hPa,15,pmil,0,53.699,deg,23,°C,100,%a.s.,22.029,deg,26.769,°C,1018,hPa,0.861,-0.02617,0.00035,0,0,13.56,Humid,33.95,0,19,289550.23,SABD0002000013,AAV2.0.0.13,3.0.1.1413,PSt7-10,160531-001,12/9/19 15:18,1123-01,0,no battery,V
12/9/19,15:23:09,1,WAM,634063253,O1,3.66,min,89.657,%a.s.,Humid,23.285,deg,85641,µV,26.769,°C,1018,hPa,15,pmil,0,53.699,deg,23,°C,100,%a.s.,22.029,deg,26.769,°C,1018,hPa,0.861,-0.02617,0.00035,0,0,13.56,Humid,33.95,0,19,289553.21,SABD0002000013,AAV2.0.0.13,3.0.1.1413,PSt7-10,160531-001,12/9/19 15:18,1123-01,0,no battery,V
12/9/19,15:23:12,1,WAM,634063253,O1,3.71,min,90.423,%a.s.,Humid,23.186,deg,85232,µV,26.769,°C,1018,hPa,15,pmil,0,53.699,deg,23,°C,100,%a.s.,22.029,deg,26.769,°C,1018,hPa,0.861,-0.02617,0.00035,0,0,13.56,Humid,33.95,0,19,289562.7,SABD0002000013,AAV2.0.0.13,3.0.1.1413,PSt7-10,160531-001,12/9/19 15:18,1123-01,0,no battery,V
12/9/19,15:23:15,1,WAM,634063253,O1,3.76,min,91.087,%a.s.,Humid,23.101,deg,84869,µV,26.769,°C,1018,hPa,15,pmil,0,53.699,deg,23,°C,100,%a.s.,22.029,deg,26.769,°C,1018,hPa,0.861,-0.02617,0.00035,0,0,13.56,Humid,33.95,0,19,289552.65,SABD0002000013,AAV2.0.0.13,3.0.1.1413,PSt7-10,160531-001,12/9/19 15:18,1123-01,0,no battery,V
12/9/19,15:23:18,1,WAM,634063253,O1,3.81,min,91.802,%a.s.,Humid,23.012,deg,84524,µV,26.757,°C,1018,hPa,15,pmil,0,53.699,deg,23,°C,100,%a.s.,22.029,deg,26.769,°C,1018,hPa,0.861,-0.02617,0.00035,0,0,13.56,Humid,33.95,0,19,289558.56,SABD0002000013,AAV2.0.0.13,3.0.1.1413,PSt7-10,160531-001,12/9/19 15:18,1123-01,0,no battery,V
12/9/19,15:23:21,1,WAM,634063253,O1,3.86,min,92.391,%a.s.,Humid,22.938,deg,84205,µV,26.757,°C,1018,hPa,15,pmil,0,53.699,deg,23,°C,100,%a.s.,22.029,deg,26.769,°C,1018,hPa,0.861,-0.02617,0.00035,0,0,13.56,Humid,33.95,0,19,289546.36,SABD0002000013,AAV2.0.0.13,3.0.1.1413,PSt7-10,160531-001,12/9/19 15:18,1123-01,0,no battery,V
12/9/19,15:23:24,1,WAM,634063253,O1,3.91,min,92.866,%a.s.,Humid,22.877,deg,83924,µV,26.769,°C,1018,hPa,15,pmil,0,53.699,deg,23,°C,100,%a.s.,22.029,deg,26.769,°C,1018,hPa,0.861,-0.02617,0.00035,0,0,13.56,Humid,33.95,0,19,289563.59,SABD0002000013,AAV2.0.0.13,3.0.1.1413,PSt7-10,160531-001,12/9/19 15:18,1123-01,0,no battery,V
12/9/19,15:23:27,1,WAM,634063253,O1,3.96,min,93.413,%a.s.,Humid,22.81,deg,83658,µV,26.763,°C,1018,hPa,15,pmil,0,53.699,deg,23,°C,100,%a.s.,22.029,deg,26.769,°C,1018,hPa,0.861,-0.02617,0.00035,0,0,13.56,Humid,33.95,0,19,289530.54,SABD0002000013,AAV2.0.0.13,3.0.1.1413,PSt7-10,160531-001,12/9/19 15:18,1123-01,0,no battery,V
12/9/19,15:23:30,1,WAM,634063253,O1,4.01,min,93.941,%a.s.,Humid,22.745,deg,83418,µV,26.763,°C,1018,hPa,15,pmil,0,53.699,deg,23,°C,100,%a.s.,22.029,deg,26.769,°C,1018,hPa,0.861,-0.02617,0.00035,0,0,13.56,Humid,33.95,0,19,289532.77,SABD0002000013,AAV2.0.0.13,3.0.1.1413,PSt7-10,160531-001,12/9/19 15:18,1123-01,0,no battery,V
12/9/19,15:23:33,1,WAM,634063253,O1,4.06,min,94.363,%a.s.,Humid,22.695,deg,83194,µV,26.751,°C,1018,hPa,15,pmil,0,53.699,deg,23,°C,100,%a.s.,22.029,deg,26.769,°C,1018,hPa,0.861,-0.02617,0.00035,0,0,13.56,Humid,33.95,0,19,289548.55,SABD0002000013,AAV2.0.0.13,3.0.1.1413,PSt7-10,160531-001,12/9/19 15:18,1123-01,0,no battery,V
12/9/19,15:23:36,1,WAM,634063253,O1,4.11,min,94.775,%a.s.,Humid,22.644,deg,82988,µV,26.757,°C,1018,hPa,15,pmil,0,53.699,deg,23,°C,100,%a.s.,22.029,deg,26.769,°C,1018,hPa,0.861,-0.02617,0.00035,0,0,13.56,Humid,33.95,0,19,289540.63,SABD0002000013,AAV2.0.0.13,3.0.1.1413,PSt7-10,160531-001,12/9/19 15:18,1123-01,0,no battery,V
12/9/19,15:23:39,1,WAM,634063253,O1,4.16,min,95.188,%a.s.,Humid,22.594,deg,82791,µV,26.757,°C,1018,hPa,15,pmil,0,53.699,deg,23,°C,100,%a.s.,22.029,deg,26.769,°C,1018,hPa,0.861,-0.02617,0.00035,0,0,13.56,Humid,33.95,0,19,289536.7,SABD0002000013,AAV2.0.0.13,3.0.1.1413,PSt7-10,160531-001,12/9/19 15:18,1123-01,0,no battery,V
12/9/19,15:23:42,1,WAM,634063253,O1,4.21,min,95.482,%a.s.,Humid,22.557,deg,82603,µV,26.769,°C,1018,hPa,15,pmil,0,53.699,deg,23,°C,100,%a.s.,22.029,deg,26.769,°C,1018,hPa,0.861,-0.02617,0.00035,0,0,13.56,Humid,33.95,0,19,289516.25,SABD0002000013,AAV2.0.0.13,3.0.1.1413,PSt7-10,160531-001,12/9/19 15:18,1123-01,0,no battery,V
12/9/19,15:23:45,1,WAM,634063253,O1,4.26,min,95.837,%a.s.,Humid,22.516,deg,82452,µV,26.757,°C,1018,hPa,15,pmil,0,53.699,deg,23,°C,100,%a.s.,22.029,deg,26.769,°C,1018,hPa,0.861,-0.02617,0.00035,0,0,13.56,Humid,33.95,0,19,289535.4,SABD0002000013,AAV2.0.0.13,3.0.1.1413,PSt7-10,160531-001,12/9/19 15:18,1123-01,0,no battery,V
12/9/19,15:23:48,1,WAM,634063253,O1,4.31,min,96.137,%a.s.,Humid,22.481,deg,82312,µV,26.751,°C,1018,hPa,15,pmil,0,53.699,deg,23,°C,100,%a.s.,22.029,deg,26.769,°C,1018,hPa,0.861,-0.02617,0.00035,0,0,13.56,Humid,33.95,0,19,289536.93,SABD0002000013,AAV2.0.0.13,3.0.1.1413,PSt7-10,160531-001,12/9/19 15:18,1123-01,0,no battery,V
12/9/19,15:23:51,1,WAM,634063253,O1,4.36,min,96.39,%a.s.,Humid,22.45,deg,82177,µV,26.757,°C,1018,hPa,15,pmil,0,53.699,deg,23,°C,100,%a.s.,22.029,deg,26.769,°C,1018,hPa,0.861,-0.02617,0.00035,0,0,13.56,Humid,33.95,0,19,289514.76,SABD0002000013,AAV2.0.0.13,3.0.1.1413,PSt7-10,160531-001,12/9/19 15:18,1123-01,0,no battery,V
12/9/19,15:23:54,1,WAM,634063253,O1,4.41,min,96.626,%a.s.,Humid,22.422,deg,82061,µV,26.757,°C,1018,hPa,15,pmil,0,53.699,deg,23,°C,100,%a.s.,22.029,deg,26.769,°C,1018,hPa,0.861,-0.02617,0.00035,0,0,13.56,Humid,33.95,0,19,289531.92,SABD0002000013,AAV2.0.0.13,3.0.1.1413,PSt7-10,160531-001,12/9/19 15:18,1123-01,0,no battery,V
12/9/19,15:23:57,1,WAM,634063253,O1,4.46,min,96.839,%a.s.,Humid,22.396,deg,81938,µV,26.763,°C,1018,hPa,15,pmil,0,53.699,deg,23,°C,100,%a.s.,22.029,deg,26.769,°C,1018,hPa,0.861,-0.02617,0.00035,0,0,13.56,Humid,33.95,0,19,289529.68,SABD0002000013,AAV2.0.0.13,3.0.1.1413,PSt7-10,160531-001,12/9/19 15:18,1123-01,0,no battery,V
12/9/19,15:24:00,1,WAM,634063253,O1,4.51,min,97.066,%a.s.,Humid,22.37,deg,81829,µV,26.757,°C,1018,hPa,15,pmil,0,53.699,deg,23,°C,100,%a.s.,22.029,deg,26.769,°C,1018,hPa,0.861,-0.02617,0.00035,0,0,13.56,Humid,33.95,0,19,289523.9,SABD0002000013,AAV2.0.0.13,3.0.1.1413,PSt7-10,160531-001,12/9/19 15:18,1123-01,0,no battery,V
12/9/19,15:24:03,1,WAM,634063253,O1,4.56,min,97.311,%a.s.,Humid,22.342,deg,81728,µV,26.751,°C,1018,hPa,15,pmil,0,53.699,deg,23,°C,100,%a.s.,22.029,deg,26.769,°C,1018,hPa,0.861,-0.02617,0.00035,0,0,13.56,Humid,33.95,0,19,289526.49,SABD0002000013,AAV2.0.0.13,3.0.1.1413,PSt7-10,160531-001,12/9/19 15:18,1123-01,0,no battery,V
12/9/19,15:24:06,1,WAM,634063253,O1,4.61,min,97.506,%a.s.,Humid,22.32,deg,81643,µV,26.745,°C,1018,hPa,15,pmil,0,53.699,deg,23,°C,100,%a.s.,22.029,deg,26.769,°C,1018,hPa,0.861,-0.02617,0.00035,0,0,13.56,Humid,33.95,0,19,289519.6,SABD0002000013,AAV2.0.0.13,3.0.1.1413,PSt7-10,160531-001,12/9/19 15:18,1123-01,0,no battery,V
12/9/19,15:24:09,1,WAM,634063253,O1,4.66,min,97.645,%a.s.,Humid,22.302,deg,81568,µV,26.757,°C,1018,hPa,15,pmil,0,53.699,deg,23,°C,100,%a.s.,22.029,deg,26.769,°C,1018,hPa,0.861,-0.02617,0.00035,0,0,13.56,Humid,33.95,0,19,289525.37,SABD0002000013,AAV2.0.0.13,3.0.1.1413,PSt7-10,160531-001,12/9/19 15:18,1123-01,0,no battery,V
12/9/19,15:24:12,1,WAM,634063253,O1,4.71,min,97.805,%a.s.,Humid,22.285,deg,81491,µV,26.745,°C,1018,hPa,15,pmil,0,53.699,deg,23,°C,100,%a.s.,22.029,deg,26.769,°C,1018,hPa,0.861,-0.02617,0.00035,0,0,13.56,Humid,33.95,0,19,289507.99,SABD0002000013,AAV2.0.0.13,3.0.1.1413,PSt7-10,160531-001,12/9/19 15:18,1123-01,0,no battery,V
12/9/19,15:24:15,1,WAM,634063253,O1,4.76,min,97.952,%a.s.,Humid,22.267,deg,81413,µV,26.751,°C,1018,hPa,15,pmil,0,53.699,deg,23,°C,100,%a.s.,22.029,deg,26.769,°C,1018,hPa,0.861,-0.02617,0.00035,0,0,13.56,Humid,33.95,0,19,289512.79,SABD0002000013,AAV2.0.0.13,3.0.1.1413,PSt7-10,160531-001,12/9/19 15:18,1123-01,0,no battery,V
12/9/19,15:24:18,1,WAM,634063253,O1,4.81,min,98.081,%a.s.,Humid,22.252,deg,81346,µV,26.751,°C,1018,hPa,15,pmil,0,53.699,deg,23,°C,100,%a.s.,22.029,deg,26.769,°C,1018,hPa,0.861,-0.02617,0.00035,0,0,13.56,Humid,33.95,0,19,289516.38,SABD0002000013,AAV2.0.0.13,3.0.1.1413,PSt7-10,160531-001,12/9/19 15:18,1123-01,0,no battery,V
12/9/19,15:24:21,1,WAM,634063253,O1,4.86,min,98.219,%a.s.,Humid,22.236,deg,81283,µV,26.751,°C,1018,hPa,15,pmil,0,53.699,deg,23,°C,100,%a.s.,22.029,deg,26.769,°C,1018,hPa,0.861,-0.02617,0.00035,0,0,13.56,Humid,33.95,0,19,289519.06,SABD0002000013,AAV2.0.0.13,3.0.1.1413,PSt7-10,160531-001,12/9/19 15:18,1123-01,0,no battery,V
12/9/19,15:24:24,1,WAM,634063253,O1,4.91,min,98.339,%a.s.,Humid,22.222,deg,81222,µV,26.751,°C,1018,hPa,15,pmil,0,53.699,deg,23,°C,100,%a.s.,22.029,deg,26.769,°C,1018,hPa,0.861,-0.02617,0.00035,0,0,13.56,Humid,33.95,0,19,289518.94,SABD0002000013,AAV2.0.0.13,3.0.1.1413,PSt7-10,160531-001,12/9/19 15:18,1123-01,0,no battery,V
12/9/19,15:24:27,1,WAM,634063253,O1,4.96,min,98.434,%a.s.,Humid,22.211,deg,81172,µV,26.751,°C,1018,hPa,15,pmil,0,53.699,deg,23,°C,100,%a.s.,22.029,deg,26.769,°C,1018,hPa,0.861,-0.02617,0.00035,0,0,13.56,Humid,33.95,0,19,289515.19,SABD0002000013,AAV2.0.0.13,3.0.1.1413,PSt7-10,160531-001,12/9/19 15:18,1123-01,0,no battery,V
12/9/19,15:24:30,1,WAM,634063253,O1,5.01,min,98.56,%a.s.,Humid,22.198,deg,81129,µV,26.739,°C,1018,hPa,15,pmil,0,53.699,deg,23,°C,100,%a.s.,22.029,deg,26.769,°C,1018,hPa,0.861,-0.02617,0.00035,0,0,13.56,Humid,33.95,0,19,289526.07,SABD0002000013,AAV2.0.0.13,3.0.1.1413,PSt7-10,160531-001,12/9/19 15:18,1123-01,0,no battery,V
12/9/19,15:24:33,1,WAM,634063253,O1,5.06,min,98.616,%a.s.,Humid,22.19,deg,81075,µV,26.751,°C,1018,hPa,15,pmil,0,53.699,deg,23,°C,100,%a.s.,22.029,deg,26.769,°C,1018,hPa,0.861,-0.02617,0.00035,0,0,13.56,Humid,33.95,0,19,289508.87,SABD0002000013,AAV2.0.0.13,3.0.1.1413,PSt7-10,160531-001,12/9/19 15:18,1123-01,0,no battery,V
12/9/19,15:24:36,1,WAM,634063253,O1,5.11,min,98.72,%a.s.,Humid,22.178,deg,81033,µV,26.751,°C,1018,hPa,15,pmil,0,53.699,deg,23,°C,100,%a.s.,22.029,deg,26.769,°C,1018,hPa,0.861,-0.02617,0.00035,0,0,13.56,Humid,33.95,0,19,289498.87,SABD0002000013,AAV2.0.0.13,3.0.1.1413,PSt7-10,160531-001,12/9/19 15:18,1123-01,0,no battery,V
12/9/19,15:24:39,1,WAM,634063253,O1,5.16,min,98.798,%a.s.,Humid,22.169,deg,81000,µV,26.751,°C,1018,hPa,15,pmil,0,53.699,deg,23,°C,100,%a.s.,22.029,deg,26.769,°C,1018,hPa,0.861,-0.02617,0.00035,0,0,13.56,Humid,33.95,0,19,289512.82,SABD0002000013,AAV2.0.0.13,3.0.1.1413,PSt7-10,160531-001,12/9/19 15:18,1123-01,0,no battery,V
12/9/19,15:24:42,1,WAM,634063253,O1,5.21,min,98.883,%a.s.,Humid,22.16,deg,80958,µV,26.745,°C,1018,hPa,15,pmil,0,53.699,deg,23,°C,100,%a.s.,22.029,deg,26.769,°C,1018,hPa,0.861,-0.02617,0.00035,0,0,13.56,Humid,33.95,0,19,289488.71,SABD0002000013,AAV2.0.0.13,3.0.1.1413,PSt7-10,160531-001,12/9/19 15:18,1123-01,0,no battery,V
12/9/19,15:24:45,1,WAM,634063253,O1,5.26,min,98.985,%a.s.,Humid,22.149,deg,80927,µV,26.739,°C,1018,hPa,15,pmil,0,53.699,deg,23,°C,100,%a.s.,22.029,deg,26.769,°C,1018,hPa,0.861,-0.02617,0.00035,0,0,13.56,Humid,33.95,0,19,289491.08,SABD0002000013,AAV2.0.0.13,3.0.1.1413,PSt7-10,160531-001,12/9/19 15:18,1123-01,0,no battery,V
12/9/19,15:24:48,1,WAM,634063253,O1,5.31,min,99.006,%a.s.,Humid,22.145,deg,80890,µV,26.751,°C,1018,hPa,15,pmil,0,53.699,deg,23,°C,100,%a.s.,22.029,deg,26.769,°C,1018,hPa,0.861,-0.02617,0.00035,0,0,13.56,Humid,33.95,0,19,289508.99,SABD0002000013,AAV2.0.0.13,3.0.1.1413,PSt7-10,160531-001,12/9/19 15:18,1123-01,0,no battery,V
12/9/19,15:24:51,1,WAM,634063253,O1,5.36,min,99.079,%a.s.,Humid,22.139,deg,80859,µV,26.732,°C,1018,hPa,15,pmil,0,53.699,deg,23,°C,100,%a.s.,22.029,deg,26.769,°C,1018,hPa,0.861,-0.02617,0.00035,0,0,13.56,Humid,33.95,0,19,289510.8,SABD0002000013,AAV2.0.0.13,3.0.1.1413,PSt7-10,160531-001,12/9/19 15:18,1123-01,0,no battery,V
12/9/19,15:24:54,1,WAM,634063253,O1,5.41,min,99.098,%a.s.,Humid,22.136,deg,80844,µV,26.739,°C,1018,hPa,15,pmil,0,53.699,deg,23,°C,100,%a.s.,22.029,deg,26.769,°C,1018,hPa,0.861,-0.02617,0.00035,0,0,13.56,Humid,33.95,0,19,289497.34,SABD0002000013,AAV2.0.0.13,3.0.1.1413,PSt7-10,160531-001,12/9/19 15:18,1123-01,0,no battery,V
12/9/19,15:24:57,1,WAM,634063253,O1,5.46,min,99.126,%a.s.,Humid,22.132,deg,80822,µV,26.745,°C,1018,hPa,15,pmil,0,53.699,deg,23,°C,100,%a.s.,22.029,deg,26.769,°C,1018,hPa,0.861,-0.02617,0.00035,0,0,13.56,Humid,33.95,0,19,289482.09,SABD0002000013,AAV2.0.0.13,3.0.1.1413,PSt7-10,160531-001,12/9/19 15:18,1123-01,0,no battery,V
12/9/19,15:25:00,1,WAM,634063253,O1,5.51,min,99.222,%a.s.,Humid,22.121,deg,80802,µV,26.745,°C,1018,hPa,15,pmil,0,53.699,deg,23,°C,100,%a.s.,22.029,deg,26.769,°C,1018,hPa,0.861,-0.02617,0.00035,0,0,13.56,Humid,33.95,0,19,289479.83,SABD0002000013,AAV2.0.0.13,3.0.1.1413,PSt7-10,160531-001,12/9/19 15:18,1123-01,0,no battery,V
12/9/19,15:25:03,1,WAM,634063253,O1,5.56,min,99.163,%a.s.,Humid,22.127,deg,80772,µV,26.751,°C,1018,hPa,15,pmil,0,53.699,deg,23,°C,100,%a.s.,22.029,deg,26.769,°C,1018,hPa,0.861,-0.02617,0.00035,0,0,13.56,Humid,33.95,0,19,289490.02,SABD0002000013,AAV2.0.0.13,3.0.1.1413,PSt7-10,160531-001,12/9/19 15:18,1123-01,0,no battery,V
12/9/19,15:25:06,1,WAM,634063253,O1,5.61,min,99.292,%a.s.,Humid,22.113,deg,80754,µV,26.745,°C,1018,hPa,15,pmil,0,53.699,deg,23,°C,100,%a.s.,22.029,deg,26.769,°C,1018,hPa,0.861,-0.02617,0.00035,0,0,13.56,Humid,33.95,0,19,289487.42,SABD0002000013,AAV2.0.0.13,3.0.1.1413,PSt7-10,160531-001,12/9/19 15:18,1123-01,0,no battery,V
12/9/19,15:25:09,1,WAM,634063253,O1,5.66,min,99.301,%a.s.,Humid,22.112,deg,80733,µV,26.745,°C,1018,hPa,15,pmil,0,53.699,deg,23,°C,100,%a.s.,22.029,deg,26.769,°C,1018,hPa,0.861,-0.02617,0.00035,0,0,13.56,Humid,33.95,0,19,289484.54,SABD0002000013,AAV2.0.0.13,3.0.1.1413,PSt7-10,160531-001,12/9/19 15:18,1123-01,0,no battery,V
12/9/19,15:25:12,1,WAM,634063253,O1,5.71,min,99.355,%a.s.,Humid,22.105,deg,80709,µV,26.751,°C,1018,hPa,15,pmil,0,53.699,deg,23,°C,100,%a.s.,22.029,deg,26.769,°C,1018,hPa,0.861,-0.02617,0.00035,0,0,13.56,Humid,33.95,0,19,289484.09,SABD0002000013,AAV2.0.0.13,3.0.1.1413,PSt7-10,160531-001,12/9/19 15:18,1123-01,0,no battery,V
12/9/19,15:25:15,1,WAM,634063253,O1,5.76,min,99.377,%a.s.,Humid,22.104,deg,80695,µV,26.739,°C,1018,hPa,15,pmil,0,53.699,deg,23,°C,100,%a.s.,22.029,deg,26.769,°C,1018,hPa,0.861,-0.02617,0.00035,0,0,13.56,Humid,33.95,0,19,289482.09,SABD0002000013,AAV2.0.0.13,3.0.1.1413,PSt7-10,160531-001,12/9/19 15:18,1123-01,0,no battery,V
12/9/19,15:25:18,1,WAM,634063253,O1,5.81,min,99.412,%a.s.,Humid,22.1,deg,80670,µV,26.739,°C,1018,hPa,15,pmil,0,53.699,deg,23,°C,100,%a.s.,22.029,deg,26.769,°C,1018,hPa,0.861,-0.02617,0.00035,0,0,13.56,Humid,33.95,0,19,289491.99,SABD0002000013,AAV2.0.0.13,3.0.1.1413,PSt7-10,160531-001,12/9/19 15:18,1123-01,0,no battery,V
12/9/19,15:25:21,1,WAM,634063253,O1,5.86,min,99.442,%a.s.,Humid,22.095,deg,80659,µV,26.751,°C,1018,hPa,15,pmil,0,53.699,deg,23,°C,100,%a.s.,22.029,deg,26.769,°C,1018,hPa,0.861,-0.02617,0.00035,0,0,13.56,Humid,33.95,0,19,289484.11,SABD0002000013,AAV2.0.0.13,3.0.1.1413,PSt7-10,160531-001,12/9/19 15:18,1123-01,0,no battery,V
12/9/19,15:25:24,1,WAM,634063253,O1,5.91,min,99.446,%a.s.,Humid,22.097,deg,80654,µV,26.732,°C,1018,hPa,15,pmil,0,53.699,deg,23,°C,100,%a.s.,22.029,deg,26.769,°C,1018,hPa,0.861,-0.02617,0.00035,0,0,13.56,Humid,33.95,0,19,289478.08,SABD0002000013,AAV2.0.0.13,3.0.1.1413,PSt7-10,160531-001,12/9/19 15:18,1123-01,0,no battery,V
12/9/19,15:25:27,1,WAM,634063253,O1,5.96,min,99.491,%a.s.,Humid,22.091,deg,80639,µV,26.739,°C,1018,hPa,15,pmil,0,53.699,deg,23,°C,100,%a.s.,22.029,deg,26.769,°C,1018,hPa,0.861,-0.02617,0.00035,0,0,13.56,Humid,33.95,0,19,289492.42,SABD0002000013,AAV2.0.0.13,3.0.1.1413,PSt7-10,160531-001,12/9/19 15:18,1123-01,0,no battery,V
12/9/19,15:25:30,1,WAM,634063253,O1,6.01,min,99.531,%a.s.,Humid,22.088,deg,80634,µV,26.726,°C,1018,hPa,15,pmil,0,53.699,deg,23,°C,100,%a.s.,22.029,deg,26.769,°C,1018,hPa,0.861,-0.02617,0.00035,0,0,13.56,Humid,33.95,0,19,289480.82,SABD0002000013,AAV2.0.0.13,3.0.1.1413,PSt7-10,160531-001,12/9/19 15:18,1123-01,0,no battery,V
12/9/19,15:25:33,1,WAM,634063253,O1,6.06,min,99.526,%a.s.,Humid,22.087,deg,80614,µV,26.739,°C,1018,hPa,15,pmil,0,53.699,deg,23,°C,100,%a.s.,22.029,deg,26.769,°C,1018,hPa,0.861,-0.02617,0.00035,0,0,13.56,Humid,33.95,0,19,289490.42,SABD0002000013,AAV2.0.0.13,3.0.1.1413,PSt7-10,160531-001,12/9/19 15:18,1123-01,0,no battery,V
12/9/19,15:25:36,1,WAM,634063253,O1,6.11,min,99.551,%a.s.,Humid,22.085,deg,80604,µV,26.732,°C,1018,hPa,15,pmil,0,53.699,deg,23,°C,100,%a.s.,22.029,deg,26.769,°C,1018,hPa,0.861,-0.02617,0.00035,0,0,13.56,Humid,33.95,0,19,289478.67,SABD0002000013,AAV2.0.0.13,3.0.1.1413,PSt7-10,160531-001,12/9/19 15:18,1123-01,0,no battery,V
12/9/19,15:25:39,1,WAM,634063253,O1,6.16,min,99.568,%a.s.,Humid,22.083,deg,80598,µV,26.732,°C,1018,hPa,15,pmil,0,53.699,deg,23,°C,100,%a.s.,22.029,deg,26.769,°C,1018,hPa,0.861,-0.02617,0.00035,0,0,13.56,Humid,33.95,0,19,289465.41,SABD0002000013,AAV2.0.0.13,3.0.1.1413,PSt7-10,160531-001,12/9/19 15:18,1123-01,0,no battery,V
12/9/19,15:25:42,1,WAM,634063253,O1,6.21,min,99.587,%a.s.,Humid,22.08,deg,80586,µV,26.739,°C,1018,hPa,15,pmil,0,53.699,deg,23,°C,100,%a.s.,22.029,deg,26.769,°C,1018,hPa,0.861,-0.02617,0.00035,0,0,13.56,Humid,33.95,0,19,289478.58,SABD0002000013,AAV2.0.0.13,3.0.1.1413,PSt7-10,160531-001,12/9/19 15:18,1123-01,0,no battery,V
12/9/19,15:25:45,1,WAM,634063253,O1,6.26,min,99.572,%a.s.,Humid,22.081,deg,80583,µV,26.745,°C,1018,hPa,15,pmil,0,53.699,deg,23,°C,100,%a.s.,22.029,deg,26.769,°C,1018,hPa,0.861,-0.02617,0.00035,0,0,13.56,Humid,33.95,0,19,289468.73,SABD0002000013,AAV2.0.0.13,3.0.1.1413,PSt7-10,160531-001,12/9/19 15:18,1123-01,0,no battery,V
12/9/19,15:25:48,1,WAM,634063253,O1,6.31,min,99.579,%a.s.,Humid,22.081,deg,80580,µV,26.739,°C,1018,hPa,15,pmil,0,53.699,deg,23,°C,100,%a.s.,22.029,deg,26.769,°C,1018,hPa,0.861,-0.02617,0.00035,0,0,13.56,Humid,33.95,0,19,289466.16,SABD0002000013,AAV2.0.0.13,3.0.1.1413,PSt7-10,160531-001,12/9/19 15:18,1123-01,0,no battery,V
12/9/19,15:25:51,1,WAM,634063253,O1,6.36,min,99.594,%a.s.,Humid,22.08,deg,80570,µV,26.732,°C,1018,hPa,15,pmil,0,53.699,deg,23,°C,100,%a.s.,22.029,deg,26.769,°C,1018,hPa,0.861,-0.02617,0.00035,0,0,13.56,Humid,33.95,0,19,289470.47,SABD0002000013,AAV2.0.0.13,3.0.1.1413,PSt7-10,160531-001,12/9/19 15:18,1123-01,0,no battery,V
12/9/19,15:25:54,1,WAM,634063253,O1,6.41,min,99.603,%a.s.,Humid,22.079,deg,80563,µV,26.732,°C,1018,hPa,15,pmil,0,53.699,deg,23,°C,100,%a.s.,22.029,deg,26.769,°C,1018,hPa,0.861,-0.02617,0.00035,0,0,13.56,Humid,33.95,0,19,289463.25,SABD0002000013,AAV2.0.0.13,3.0.1.1413,PSt7-10,160531-001,12/9/19 15:18,1123-01,0,no battery,V
12/9/19,15:25:57,1,WAM,634063253,O1,6.46,min,99.663,%a.s.,Humid,22.073,deg,80553,µV,26.726,°C,1018,hPa,15,pmil,0,53.699,deg,23,°C,100,%a.s.,22.029,deg,26.769,°C,1018,hPa,0.861,-0.02617,0.00035,0,0,13.56,Humid,33.95,0,19,289457.55,SABD0002000013,AAV2.0.0.13,3.0.1.1413,PSt7-10,160531-001,12/9/19 15:18,1123-01,0,no battery,V
12/9/19,15:26:00,1,WAM,634063253,O1,6.51,min,99.656,%a.s.,Humid,22.073,deg,80543,µV,26.732,°C,1018,hPa,15,pmil,0,53.699,deg,23,°C,100,%a.s.,22.029,deg,26.769,°C,1018,hPa,0.861,-0.02617,0.00035,0,0,13.56,Humid,33.95,0,19,289468.86,SABD0002000013,AAV2.0.0.13,3.0.1.1413,PSt7-10,160531-001,12/9/19 15:18,1123-01,0,no battery,V
12/9/19,15:26:03,1,WAM,634063253,O1,6.56,min,99.658,%a.s.,Humid,22.072,deg,80533,µV,26.739,°C,1018,hPa,15,pmil,0,53.699,deg,23,°C,100,%a.s.,22.029,deg,26.769,°C,1018,hPa,0.861,-0.02617,0.00035,0,0,13.56,Humid,33.95,0,19,289466.58,SABD0002000013,AAV2.0.0.13,3.0.1.1413,PSt7-10,160531-001,12/9/19 15:18,1123-01,0,no battery,V
12/9/19,15:26:06,1,WAM,634063253,O1,6.61,min,99.71,%a.s.,Humid,22.066,deg,80525,µV,26.739,°C,1018,hPa,15,pmil,0,53.699,deg,23,°C,100,%a.s.,22.029,deg,26.769,°C,1018,hPa,0.861,-0.02617,0.00035,0,0,13.56,Humid,33.95,0,19,289474.01,SABD0002000013,AAV2.0.0.13,3.0.1.1413,PSt7-10,160531-001,12/9/19 15:18,1123-01,0,no battery,V
12/9/19,15:26:09,1,WAM,634063253,O1,6.66,min,99.684,%a.s.,Humid,22.069,deg,80511,µV,26.739,°C,1018,hPa,15,pmil,0,53.699,deg,23,°C,100,%a.s.,22.029,deg,26.769,°C,1018,hPa,0.861,-0.02617,0.00035,0,0,13.56,Humid,33.95,0,19,289463.54,SABD0002000013,AAV2.0.0.13,3.0.1.1413,PSt7-10,160531-001,12/9/19 15:18,1123-01,0,no battery,V
12/9/19,15:26:12,1,WAM,634063253,O1,6.71,min,99.693,%a.s.,Humid,22.068,deg,80520,µV,26.739,°C,1018,hPa,15,pmil,0,53.699,deg,23,°C,100,%a.s.,22.029,deg,26.769,°C,1018,hPa,0.861,-0.02617,0.00035,0,0,13.56,Humid,33.95,0,19,289467.65,SABD0002000013,AAV2.0.0.13,3.0.1.1413,PSt7-10,160531-001,12/9/19 15:18,1123-01,0,no battery,V
12/9/19,15:26:15,1,WAM,634063253,O1,6.76,min,99.735,%a.s.,Humid,22.064,deg,80508,µV,26.732,°C,1018,hPa,15,pmil,0,53.699,deg,23,°C,100,%a.s.,22.029,deg,26.769,°C,1018,hPa,0.861,-0.02617,0.00035,0,0,13.56,Humid,33.95,0,19,289469.14,SABD0002000013,AAV2.0.0.13,3.0.1.1413,PSt7-10,160531-001,12/9/19 15:18,1123-01,0,no battery,V
12/9/19,15:26:18,1,WAM,634063253,O1,6.81,min,99.736,%a.s.,Humid,22.063,deg,80496,µV,26.739,°C,1018,hPa,15,pmil,0,53.699,deg,23,°C,100,%a.s.,22.029,deg,26.769,°C,1018,hPa,0.861,-0.02617,0.00035,0,0,13.56,Humid,33.95,0,19,289449.43,SABD0002000013,AAV2.0.0.13,3.0.1.1413,PSt7-10,160531-001,12/9/19 15:18,1123-01,0,no battery,V
12/9/19,15:26:21,1,WAM,634063253,O1,6.86,min,99.728,%a.s.,Humid,22.064,deg,80485,µV,26.739,°C,1018,hPa,15,pmil,0,53.699,deg,23,°C,100,%a.s.,22.029,deg,26.769,°C,1018,hPa,0.861,-0.02617,0.00035,0,0,13.56,Humid,33.95,0,19,289462.86,SABD0002000013,AAV2.0.0.13,3.0.1.1413,PSt7-10,160531-001,12/9/19 15:18,1123-01,0,no battery,V
12/9/19,15:26:24,1,WAM,634063253,O1,6.91,min,99.773,%a.s.,Humid,22.058,deg,80482,µV,26.745,°C,1018,hPa,15,pmil,0,53.699,deg,23,°C,100,%a.s.,22.029,deg,26.769,°C,1018,hPa,0.861,-0.02617,0.00035,0,0,13.56,Humid,33.95,0,19,289454.47,SABD0002000013,AAV2.0.0.13,3.0.1.1413,PSt7-10,160531-001,12/9/19 15:18,1123-01,0,no battery,V
12/9/19,15:26:27,1,WAM,634063253,O1,6.96,min,99.763,%a.s.,Humid,22.06,deg,80477,µV,26.739,°C,1018,hPa,15,pmil,0,53.699,deg,23,°C,100,%a.s.,22.029,deg,26.769,°C,1018,hPa,0.861,-0.02617,0.00035,0,0,13.56,Humid,33.95,0,19,289465.59,SABD0002000013,AAV2.0.0.13,3.0.1.1413,PSt7-10,160531-001,12/9/19 15:18,1123-01,0,no battery,V
12/9/19,15:26:30,1,WAM,634063253,O1,7.01,min,99.763,%a.s.,Humid,22.06,deg,80470,µV,26.739,°C,1018,hPa,15,pmil,0,53.699,deg,23,°C,100,%a.s.,22.029,deg,26.769,°C,1018,hPa,0.861,-0.02617,0.00035,0,0,13.56,Humid,33.95,0,19,289467.37,SABD0002000013,AAV2.0.0.13,3.0.1.1413,PSt7-10,160531-001,12/9/19 15:18,1123-01,0,no battery,V
12/9/19,15:26:33,1,WAM,634063253,O1,7.06,min,99.756,%a.s.,Humid,22.06,deg,80470,µV,26.745,°C,1018,hPa,15,pmil,0,53.699,deg,23,°C,100,%a.s.,22.029,deg,26.769,°C,1018,hPa,0.861,-0.02617,0.00035,0,0,13.56,Humid,33.95,0,19,289451.04,SABD0002000013,AAV2.0.0.13,3.0.1.1413,PSt7-10,160531-001,12/9/19 15:18,1123-01,0,no battery,V
12/9/19,15:26:36,1,WAM,634063253,O1,7.11,min,99.78,%a.s.,Humid,22.058,deg,80461,µV,26.739,°C,1018,hPa,15,pmil,0,53.699,deg,23,°C,100,%a.s.,22.029,deg,26.769,°C,1018,hPa,0.861,-0.02617,0.00035,0,0,13.56,Humid,33.95,0,19,289449.58,SABD0002000013,AAV2.0.0.13,3.0.1.1413,PSt7-10,160531-001,12/9/19 15:18,1123-01,0,no battery,V
12/9/19,15:26:39,1,WAM,634063253,O1,7.16,min,99.833,%a.s.,Humid,22.052,deg,80459,µV,26.739,°C,1018,hPa,15,pmil,0,53.699,deg,23,°C,100,%a.s.,22.029,deg,26.769,°C,1018,hPa,0.861,-0.02617,0.00035,0,0,13.56,Humid,33.95,0,19,289446.89,SABD0002000013,AAV2.0.0.13,3.0.1.1413,PSt7-10,160531-001,12/9/19 15:18,1123-01,0,no battery,V
12/9/19,15:26:42,1,WAM,634063253,O1,7.21,min,99.779,%a.s.,Humid,22.059,deg,80453,µV,26.732,°C,1018,hPa,15,pmil,0,53.699,deg,23,°C,100,%a.s.,22.029,deg,26.769,°C,1018,hPa,0.861,-0.02617,0.00035,0,0,13.56,Humid,33.95,0,19,289437.9,SABD0002000013,AAV2.0.0.13,3.0.1.1413,PSt7-10,160531-001,12/9/19 15:18,1123-01,0,no battery,V
12/9/19,15:26:45,1,WAM,634063253,O1,7.26,min,99.796,%a.s.,Humid,22.057,deg,80448,µV,26.732,°C,1018,hPa,15,pmil,0,53.699,deg,23,°C,100,%a.s.,22.029,deg,26.769,°C,1018,hPa,0.861,-0.02617,0.00035,0,0,13.56,Humid,33.95,0,19,289447.73,SABD0002000013,AAV2.0.0.13,3.0.1.1413,PSt7-10,160531-001,12/9/19 15:18,1123-01,0,no battery,V
12/9/19,15:26:48,1,WAM,634063253,O1,7.31,min,99.851,%a.s.,Humid,22.05,deg,80444,µV,26.739,°C,1018,hPa,15,pmil,0,53.699,deg,23,°C,100,%a.s.,22.029,deg,26.769,°C,1018,hPa,0.861,-0.02617,0.00035,0,0,13.56,Humid,33.95,0,19,289458.45,SABD0002000013,AAV2.0.0.13,3.0.1.1413,PSt7-10,160531-001,12/9/19 15:18,1123-01,0,no battery,V
12/9/19,15:26:51,1,WAM,634063253,O1,7.36,min,99.815,%a.s.,Humid,22.054,deg,80439,µV,26.739,°C,1018,hPa,15,pmil,0,53.699,deg,23,°C,100,%a.s.,22.029,deg,26.769,°C,1018,hPa,0.861,-0.02617,0.00035,0,0,13.56,Humid,33.95,0,19,289449.91,SABD0002000013,AAV2.0.0.13,3.0.1.1413,PSt7-10,160531-001,12/9/19 15:18,1123-01,0,no battery,V
12/9/19,15:26:54,1,WAM,634063253,O1,7.41,min,99.815,%a.s.,Humid,22.054,deg,80434,µV,26.739,°C,1018,hPa,15,pmil,0,53.699,deg,23,°C,100,%a.s.,22.029,deg,26.769,°C,1018,hPa,0.861,-0.02617,0.00035,0,0,13.56,Humid,33.95,0,19,289436.02,SABD0002000013,AAV2.0.0.13,3.0.1.1413,PSt7-10,160531-001,12/9/19 15:18,1123-01,0,no battery,V
12/9/19,15:26:57,1,WAM,634063253,O1,7.46,min,99.851,%a.s.,Humid,22.05,deg,80443,µV,26.739,°C,1018,hPa,15,pmil,0,53.699,deg,23,°C,100,%a.s.,22.029,deg,26.769,°C,1018,hPa,0.861,-0.02617,0.00035,0,0,13.56,Humid,33.95,0,19,289450.47,SABD0002000013,AAV2.0.0.13,3.0.1.1413,PSt7-10,160531-001,12/9/19 15:18,1123-01,0,no battery,V
12/9/19,15:27:00,1,WAM,634063253,O1,7.51,min,99.852,%a.s.,Humid,22.049,deg,80441,µV,26.745,°C,1018,hPa,15,pmil,0,53.699,deg,23,°C,100,%a.s.,22.029,deg,26.769,°C,1018,hPa,0.861,-0.02617,0.00035,0,0,13.56,Humid,33.95,0,19,289436.6,SABD0002000013,AAV2.0.0.13,3.0.1.1413,PSt7-10,160531-001,12/9/19 15:18,1123-01,0,no battery,V
12/9/19,15:27:03,1,WAM,634063253,O1,7.56,min,99.849,%a.s.,Humid,22.051,deg,80442,µV,26.732,°C,1018,hPa,15,pmil,0,53.699,deg,23,°C,100,%a.s.,22.029,deg,26.769,°C,1018,hPa,0.861,-0.02617,0.00035,0,0,13.56,Humid,33.95,0,19,289438.14,SABD0002000013,AAV2.0.0.13,3.0.1.1413,PSt7-10,160531-001,12/9/19 15:18,1123-01,0,no battery,V
12/9/19,15:27:06,1,WAM,634063253,O1,7.61,min,99.83,%a.s.,Humid,22.054,deg,80441,µV,26.726,°C,1018,hPa,15,pmil,0,53.699,deg,23,°C,100,%a.s.,22.029,deg,26.769,°C,1018,hPa,0.861,-0.02617,0.00035,0,0,13.56,Humid,33.95,0,19,289443.56,SABD0002000013,AAV2.0.0.13,3.0.1.1413,PSt7-10,160531-001,12/9/19 15:18,1123-01,0,no battery,V
12/9/19,15:27:09,1,WAM,634063253,O1,7.66,min,99.807,%a.s.,Humid,22.055,deg,80441,µV,26.739,°C,1018,hPa,15,pmil,0,53.699,deg,23,°C,100,%a.s.,22.029,deg,26.769,°C,1018,hPa,0.861,-0.02617,0.00035,0,0,13.56,Humid,33.95,0,19,289427.04,SABD0002000013,AAV2.0.0.13,3.0.1.1413,PSt7-10,160531-001,12/9/19 15:18,1123-01,0,no battery,V
12/9/19,15:27:12,1,WAM,634063253,O1,7.71,min,99.815,%a.s.,Humid,22.054,deg,80436,µV,26.739,°C,1018,hPa,15,pmil,0,53.699,deg,23,°C,100,%a.s.,22.029,deg,26.769,°C,1018,hPa,0.861,-0.02617,0.00035,0,0,13.56,Humid,33.95,0,19,289430.09,SABD0002000013,AAV2.0.0.13,3.0.1.1413,PSt7-10,160531-001,12/9/19 15:18,1123-01,0,no battery,V
12/9/19,15:27:15,1,WAM,634063253,O1,7.76,min,99.84,%a.s.,Humid,22.052,deg,80441,µV,26.732,°C,1018,hPa,15,pmil,0,53.699,deg,23,°C,100,%a.s.,22.029,deg,26.769,°C,1018,hPa,0.861,-0.02617,0.00035,0,0,13.56,Humid,33.95,0,19,289431.38,SABD0002000013,AAV2.0.0.13,3.0.1.1413,PSt7-10,160531-001,12/9/19 15:18,1123-01,0,no battery,V
12/9/19,15:27:18,1,WAM,634063253,O1,7.81,min,99.824,%a.s.,Humid,22.053,deg,80430,µV,26.739,°C,1018,hPa,15,pmil,0,53.699,deg,23,°C,100,%a.s.,22.029,deg,26.769,°C,1018,hPa,0.861,-0.02617,0.00035,0,0,13.56,Humid,33.95,0,19,289435.48,SABD0002000013,AAV2.0.0.13,3.0.1.1413,PSt7-10,160531-001,12/9/19 15:18,1123-01,0,no battery,V
12/9/19,15:27:21,1,WAM,634063253,O1,7.86,min,99.826,%a.s.,Humid,22.052,deg,80420,µV,26.745,°C,1018,hPa,15,pmil,0,53.699,deg,23,°C,100,%a.s.,22.029,deg,26.769,°C,1018,hPa,0.861,-0.02617,0.00035,0,0,13.56,Humid,33.95,0,19,289433.52,SABD0002000013,AAV2.0.0.13,3.0.1.1413,PSt7-10,160531-001,12/9/19 15:18,1123-01,0,no battery,V
12/9/19,15:27:24,1,WAM,634063253,O1,7.91,min,99.815,%a.s.,Humid,22.054,deg,80419,µV,26.739,°C,1018,hPa,15,pmil,0,53.699,deg,23,°C,100,%a.s.,22.029,deg,26.769,°C,1018,hPa,0.861,-0.02617,0.00035,0,0,13.56,Humid,33.95,0,19,289437.4,SABD0002000013,AAV2.0.0.13,3.0.1.1413,PSt7-10,160531-001,12/9/19 15:18,1123-01,0,no battery,V
12/9/19,15:27:27,1,WAM,634063253,O1,7.96,min,99.854,%a.s.,Humid,22.048,deg,80416,µV,26.751,°C,1018,hPa,15,pmil,0,53.699,deg,23,°C,100,%a.s.,22.029,deg,26.769,°C,1018,hPa,0.861,-0.02617,0.00035,0,0,13.56,Humid,33.95,0,19,289426.56,SABD0002000013,AAV2.0.0.13,3.0.1.1413,PSt7-10,160531-001,12/9/19 15:18,1123-01,0,no battery,V
12/9/19,15:27:30,1,WAM,634063253,O1,8.01,min,99.877,%a.s.,Humid,22.047,deg,80420,µV,26.739,°C,1018,hPa,15,pmil,0,53.699,deg,23,°C,100,%a.s.,22.029,deg,26.769,°C,1018,hPa,0.861,-0.02617,0.00035,0,0,13.56,Humid,33.95,0,19,289427.44,SABD0002000013,AAV2.0.0.13,3.0.1.1413,PSt7-10,160531-001,12/9/19 15:18,1123-01,0,no battery,V
12/9/19,15:27:33,1,WAM,634063253,O1,8.06,min,99.824,%a.s.,Humid,22.053,deg,80427,µV,26.739,°C,1018,hPa,15,pmil,0,53.699,deg,23,°C,100,%a.s.,22.029,deg,26.769,°C,1018,hPa,0.861,-0.02617,0.00035,0,0,13.56,Humid,33.95,0,19,289416.57,SABD0002000013,AAV2.0.0.13,3.0.1.1413,PSt7-10,160531-001,12/9/19 15:18,1123-01,0,no battery,V
12/9/19,15:27:36,1,WAM,634063253,O1,8.11,min,99.877,%a.s.,Humid,22.047,deg,80416,µV,26.739,°C,1018,hPa,15,pmil,0,53.699,deg,23,°C,100,%a.s.,22.029,deg,26.769,°C,1018,hPa,0.861,-0.02617,0.00035,0,0,13.56,Humid,33.95,0,19,289422.59,SABD0002000013,AAV2.0.0.13,3.0.1.1413,PSt7-10,160531-001,12/9/19 15:18,1123-01,0,no battery,V
12/9/19,15:27:39,1,WAM,634063253,O1,8.16,min,99.833,%a.s.,Humid,22.052,deg,80408,µV,26.739,°C,1018,hPa,15,pmil,0,53.699,deg,23,°C,100,%a.s.,22.029,deg,26.769,°C,1018,hPa,0.861,-0.02617,0.00035,0,0,13.56,Humid,33.95,0,19,289434.79,SABD0002000013,AAV2.0.0.13,3.0.1.1413,PSt7-10,160531-001,12/9/19 15:18,1123-01,0,no battery,V
12/9/19,15:27:42,1,WAM,634063253,O1,8.21,min,99.889,%a.s.,Humid,22.044,deg,80412,µV,26.751,°C,1018,hPa,15,pmil,0,53.699,deg,23,°C,100,%a.s.,22.029,deg,26.769,°C,1018,hPa,0.861,-0.02617,0.00035,0,0,13.56,Humid,33.95,0,19,289427.26,SABD0002000013,AAV2.0.0.13,3.0.1.1413,PSt7-10,160531-001,12/9/19 15:18,1123-01,0,no battery,V
12/9/19,15:27:45,1,WAM,634063253,O1,8.26,min,99.852,%a.s.,Humid,22.049,deg,80404,µV,26.745,°C,1018,hPa,15,pmil,0,53.699,deg,23,°C,100,%a.s.,22.029,deg,26.769,°C,1018,hPa,0.861,-0.02617,0.00035,0,0,13.56,Humid,33.95,0,19,289431.36,SABD0002000013,AAV2.0.0.13,3.0.1.1413,PSt7-10,160531-001,12/9/19 15:18,1123-01,0,no battery,V
12/9/19,15:27:48,1,WAM,634063253,O1,8.31,min,99.84,%a.s.,Humid,22.052,deg,80402,µV,26.732,°C,1018,hPa,15,pmil,0,53.699,deg,23,°C,100,%a.s.,22.029,deg,26.769,°C,1018,hPa,0.861,-0.02617,0.00035,0,0,13.56,Humid,33.95,0,19,289437.03,SABD0002000013,AAV2.0.0.13,3.0.1.1413,PSt7-10,160531-001,12/9/19 15:18,1123-01,0,no battery,V
12/9/19,15:27:51,1,WAM,634063253,O1,8.36,min,99.842,%a.s.,Humid,22.051,deg,80412,µV,26.739,°C,1018,hPa,15,pmil,0,53.699,deg,23,°C,100,%a.s.,22.029,deg,26.769,°C,1018,hPa,0.861,-0.02617,0.00035,0,0,13.56,Humid,33.95,0,19,289433.02,SABD0002000013,AAV2.0.0.13,3.0.1.1413,PSt7-10,160531-001,12/9/19 15:18,1123-01,0,no battery,V
12/9/19,15:27:54,1,WAM,634063253,O1,8.41,min,99.844,%a.s.,Humid,22.05,deg,80411,µV,26.745,°C,1018,hPa,15,pmil,0,53.699,deg,23,°C,100,%a.s.,22.029,deg,26.769,°C,1018,hPa,0.861,-0.02617,0.00035,0,0,13.56,Humid,33.95,0,19,289433.21,SABD0002000013,AAV2.0.0.13,3.0.1.1413,PSt7-10,160531-001,12/9/19 15:18,1123-01,0,no battery,V
12/9/19,15:27:57,1,WAM,634063253,O1,8.46,min,99.833,%a.s.,Humid,22.052,deg,80406,µV,26.739,°C,1018,hPa,15,pmil,0,53.699,deg,23,°C,100,%a.s.,22.029,deg,26.769,°C,1018,hPa,0.861,-0.02617,0.00035,0,0,13.56,Humid,33.95,0,19,289431.04,SABD0002000013,AAV2.0.0.13,3.0.1.1413,PSt7-10,160531-001,12/9/19 15:18,1123-01,0,no battery,V
12/9/19,15:28:00,1,WAM,634063253,O1,8.51,min,99.877,%a.s.,Humid,22.047,deg,80412,µV,26.739,°C,1018,hPa,15,pmil,0,53.699,deg,23,°C,100,%a.s.,22.029,deg,26.769,°C,1018,hPa,0.861,-0.02617,0.00035,0,0,13.56,Humid,33.95,0,19,289423.42,SABD0002000013,AAV2.0.0.13,3.0.1.1413,PSt7-10,160531-001,12/9/19 15:18,1123-01,0,no battery,V
12/9/19,15:28:03,1,WAM,634063253,O1,8.56,min,99.851,%a.s.,Humid,22.05,deg,80397,µV,26.739,°C,1018,hPa,15,pmil,0,53.699,deg,23,°C,100,%a.s.,22.029,deg,26.769,°C,1018,hPa,0.861,-0.02617,0.00035,0,0,13.56,Humid,33.95,0,19,289425.89,SABD0002000013,AAV2.0.0.13,3.0.1.1413,PSt7-10,160531-001,12/9/19 15:18,1123-01,0,no battery,V
12/9/19,15:28:06,1,WAM,634063253,O1,8.61,min,99.863,%a.s.,Humid,22.047,deg,80392,µV,26.751,°C,1018,hPa,15,pmil,0,53.699,deg,23,°C,100,%a.s.,22.029,deg,26.769,°C,1018,hPa,0.861,-0.02617,0.00035,0,0,13.56,Humid,33.95,0,19,289439.71,SABD0002000013,AAV2.0.0.13,3.0.1.1413,PSt7-10,160531-001,12/9/19 15:18,1123-01,0,no battery,V
12/9/19,15:28:09,1,WAM,634063253,O1,8.66,min,99.87,%a.s.,Humid,22.047,deg,80394,µV,26.745,°C,1018,hPa,15,pmil,0,53.699,deg,23,°C,100,%a.s.,22.029,deg,26.769,°C,1018,hPa,0.861,-0.02617,0.00035,0,0,13.56,Humid,33.95,0,19,289441.28,SABD0002000013,AAV2.0.0.13,3.0.1.1413,PSt7-10,160531-001,12/9/19 15:18,1123-01,0,no battery,V
12/9/19,15:28:12,1,WAM,634063253,O1,8.71,min,99.866,%a.s.,Humid,22.049,deg,80391,µV,26.732,°C,1018,hPa,15,pmil,0,53.699,deg,23,°C,100,%a.s.,22.029,deg,26.769,°C,1018,hPa,0.861,-0.02617,0.00035,0,0,13.56,Humid,33.95,0,19,289436.41,SABD0002000013,AAV2.0.0.13,3.0.1.1413,PSt7-10,160531-001,12/9/19 15:18,1123-01,0,no battery,V
12/9/19,15:28:15,1,WAM,634063253,O1,8.76,min,99.914,%a.s.,Humid,22.042,deg,80392,µV,26.745,°C,1018,hPa,15,pmil,0,53.699,deg,23,°C,100,%a.s.,22.029,deg,26.769,°C,1018,hPa,0.861,-0.02617,0.00035,0,0,13.56,Humid,33.95,0,19,289433.26,SABD0002000013,AAV2.0.0.13,3.0.1.1413,PSt7-10,160531-001,12/9/19 15:18,1123-01,0,no battery,V
12/9/19,15:28:18,1,WAM,634063253,O1,8.81,min,99.844,%a.s.,Humid,22.05,deg,80387,µV,26.745,°C,1018,hPa,15,pmil,0,53.699,deg,23,°C,100,%a.s.,22.029,deg,26.769,°C,1018,hPa,0.861,-0.02617,0.00035,0,0,13.56,Humid,33.95,0,19,289429.89,SABD0002000013,AAV2.0.0.13,3.0.1.1413,PSt7-10,160531-001,12/9/19 15:18,1123-01,0,no battery,V
12/9/19,15:28:21,1,WAM,634063253,O1,8.86,min,99.861,%a.s.,Humid,22.048,deg,80381,µV,26.745,°C,1018,hPa,15,pmil,0,53.699,deg,23,°C,100,%a.s.,22.029,deg,26.769,°C,1018,hPa,0.861,-0.02617,0.00035,0,0,13.56,Humid,33.95,0,19,289428.04,SABD0002000013,AAV2.0.0.13,3.0.1.1413,PSt7-10,160531-001,12/9/19 15:18,1123-01,0,no battery,V
12/9/19,15:28:24,1,WAM,634063253,O1,8.91,min,99.896,%a.s.,Humid,22.044,deg,80387,µV,26.745,°C,1018,hPa,15,pmil,0,53.699,deg,23,°C,100,%a.s.,22.029,deg,26.769,°C,1018,hPa,0.861,-0.02617,0.00035,0,0,13.56,Humid,33.95,0,19,289425,SABD0002000013,AAV2.0.0.13,3.0.1.1413,PSt7-10,160531-001,12/9/19 15:18,1123-01,0,no battery,V
12/9/19,15:28:27,1,WAM,634063253,O1,8.96,min,99.914,%a.s.,Humid,22.042,deg,80375,µV,26.745,°C,1018,hPa,15,pmil,0,53.699,deg,23,°C,100,%a.s.,22.029,deg,26.769,°C,1018,hPa,0.861,-0.02617,0.00035,0,0,13.56,Humid,33.95,0,19,289427.66,SABD0002000013,AAV2.0.0.13,3.0.1.1413,PSt7-10,160531-001,12/9/19 15:18,1123-01,0,no battery,V
12/9/19,15:28:30,1,WAM,634063253,O1,9.01,min,99.872,%a.s.,Humid,22.046,deg,80380,µV,26.751,°C,1018,hPa,15,pmil,0,53.699,deg,23,°C,100,%a.s.,22.029,deg,26.769,°C,1018,hPa,0.861,-0.02617,0.00035,0,0,13.56,Humid,33.95,0,19,289433.33,SABD0002000013,AAV2.0.0.13,3.0.1.1413,PSt7-10,160531-001,12/9/19 15:18,1123-01,0,no battery,V
12/9/19,15:28:33,1,WAM,634063253,O1,9.06,min,99.888,%a.s.,Humid,22.045,deg,80374,µV,26.745,°C,1018,hPa,15,pmil,0,53.699,deg,23,°C,100,%a.s.,22.029,deg,26.769,°C,1018,hPa,0.861,-0.02617,0.00035,0,0,13.56,Humid,33.95,0,19,289411.39,SABD0002000013,AAV2.0.0.13,3.0.1.1413,PSt7-10,160531-001,12/9/19 15:18,1123-01,0,no battery,V
12/9/19,15:28:36,1,WAM,634063253,O1,9.11,min,99.903,%a.s.,Humid,22.044,deg,80367,µV,26.739,°C,1018,hPa,15,pmil,0,53.699,deg,23,°C,100,%a.s.,22.029,deg,26.769,°C,1018,hPa,0.861,-0.02617,0.00035,0,0,13.56,Humid,33.95,0,19,289413.59,SABD0002000013,AAV2.0.0.13,3.0.1.1413,PSt7-10,160531-001,12/9/19 15:18,1123-01,0,no battery,V
12/9/19,15:28:39,1,WAM,634063253,O1,9.16,min,99.896,%a.s.,Humid,22.044,deg,80375,µV,26.745,°C,1018,hPa,15,pmil,0,53.699,deg,23,°C,100,%a.s.,22.029,deg,26.769,°C,1018,hPa,0.861,-0.02617,0.00035,0,0,13.56,Humid,33.95,0,19,289435.61,SABD0002000013,AAV2.0.0.13,3.0.1.1413,PSt7-10,160531-001,12/9/19 15:18,1123-01,0,no battery,V
12/9/19,15:28:42,1,WAM,634063253,O1,9.21,min,99.912,%a.s.,Humid,22.043,deg,80369,µV,26.739,°C,1018,hPa,15,pmil,0,53.699,deg,23,°C,100,%a.s.,22.029,deg,26.769,°C,1018,hPa,0.861,-0.02617,0.00035,0,0,13.56,Humid,33.95,0,19,289421.4,SABD0002000013,AAV2.0.0.13,3.0.1.1413,PSt7-10,160531-001,12/9/19 15:18,1123-01,0,no battery,V
12/9/19,15:28:45,1,WAM,634063253,O1,9.26,min,99.914,%a.s.,Humid,22.042,deg,80362,µV,26.745,°C,1018,hPa,15,pmil,0,53.699,deg,23,°C,100,%a.s.,22.029,deg,26.769,°C,1018,hPa,0.861,-0.02617,0.00035,0,0,13.56,Humid,33.95,0,19,289417.09,SABD0002000013,AAV2.0.0.13,3.0.1.1413,PSt7-10,160531-001,12/9/19 15:18,1123-01,0,no battery,V
12/9/19,15:28:48,1,WAM,634063253,O1,9.31,min,99.905,%a.s.,Humid,22.043,deg,80359,µV,26.745,°C,1018,hPa,15,pmil,0,53.699,deg,23,°C,100,%a.s.,22.029,deg,26.769,°C,1018,hPa,0.861,-0.02617,0.00035,0,0,13.56,Humid,33.95,0,19,289412.26,SABD0002000013,AAV2.0.0.13,3.0.1.1413,PSt7-10,160531-001,12/9/19 15:18,1123-01,0,no battery,V
12/9/19,15:28:51,1,WAM,634063253,O1,9.36,min,99.905,%a.s.,Humid,22.043,deg,80359,µV,26.745,°C,1018,hPa,15,pmil,0,53.699,deg,23,°C,100,%a.s.,22.029,deg,26.769,°C,1018,hPa,0.861,-0.02617,0.00035,0,0,13.56,Humid,33.95,0,19,289426.44,SABD0002000013,AAV2.0.0.13,3.0.1.1413,PSt7-10,160531-001,12/9/19 15:18,1123-01,0,no battery,V
12/9/19,15:28:54,1,WAM,634063253,O1,9.41,min,99.914,%a.s.,Humid,22.042,deg,80360,µV,26.745,°C,1018,hPa,15,pmil,0,53.699,deg,23,°C,100,%a.s.,22.029,deg,26.769,°C,1018,hPa,0.861,-0.02617,0.00035,0,0,13.56,Humid,33.95,0,19,289423.95,SABD0002000013,AAV2.0.0.13,3.0.1.1413,PSt7-10,160531-001,12/9/19 15:18,1123-01,0,no battery,V
12/9/19,15:28:57,1,WAM,634063253,O1,9.46,min,99.939,%a.s.,Humid,22.04,deg,80353,µV,26.739,°C,1018,hPa,15,pmil,0,53.699,deg,23,°C,100,%a.s.,22.029,deg,26.769,°C,1018,hPa,0.861,-0.02617,0.00035,0,0,13.56,Humid,33.95,0,19,289423.28,SABD0002000013,AAV2.0.0.13,3.0.1.1413,PSt7-10,160531-001,12/9/19 15:18,1123-01,0,no battery,V
12/9/19,15:29:00,1,WAM,634063253,O1,9.51,min,99.88,%a.s.,Humid,22.045,deg,80359,µV,26.751,°C,1018,hPa,15,pmil,0,53.699,deg,23,°C,100,%a.s.,22.029,deg,26.769,°C,1018,hPa,0.861,-0.02617,0.00035,0,0,13.56,Humid,33.95,0,19,289426.05,SABD0002000013,AAV2.0.0.13,3.0.1.1413,PSt7-10,160531-001,12/9/19 15:18,1123-01,0,no battery,V
12/9/19,15:29:03,1,WAM,634063253,O1,9.56,min,99.909,%a.s.,Humid,22.041,deg,80342,µV,26.757,°C,1018,hPa,15,pmil,0,53.699,deg,23,°C,100,%a.s.,22.029,deg,26.769,°C,1018,hPa,0.861,-0.02617,0.00035,0,0,13.56,Humid,33.95,0,19,289432.34,SABD0002000013,AAV2.0.0.13,3.0.1.1413,PSt7-10,160531-001,12/9/19 15:18,1123-01,0,no battery,V
12/9/19,15:29:06,1,WAM,634063253,O1,9.61,min,99.916,%a.s.,Humid,22.041,deg,80348,µV,26.751,°C,1018,hPa,15,pmil,0,53.699,deg,23,°C,100,%a.s.,22.029,deg,26.769,°C,1018,hPa,0.861,-0.02617,0.00035,0,0,13.56,Humid,33.95,0,19,289427.23,SABD0002000013,AAV2.0.0.13,3.0.1.1413,PSt7-10,160531-001,12/9/19 15:18,1123-01,0,no battery,V
12/9/19,15:29:09,1,WAM,634063253,O1,9.66,min,99.916,%a.s.,Humid,22.041,deg,80349,µV,26.751,°C,1018,hPa,15,pmil,0,53.699,deg,23,°C,100,%a.s.,22.029,deg,26.769,°C,1018,hPa,0.861,-0.02617,0.00035,0,0,13.56,Humid,33.95,0,19,289416.22,SABD0002000013,AAV2.0.0.13,3.0.1.1413,PSt7-10,160531-001,12/9/19 15:18,1123-01,0,no battery,V
12/9/19,15:29:12,1,WAM,634063253,O1,9.71,min,99.94,%a.s.,Humid,22.039,deg,80350,µV,26.745,°C,1018,hPa,15,pmil,0,53.699,deg,23,°C,100,%a.s.,22.029,deg,26.769,°C,1018,hPa,0.861,-0.02617,0.00035,0,0,13.56,Humid,33.95,0,19,289417.32,SABD0002000013,AAV2.0.0.13,3.0.1.1413,PSt7-10,160531-001,12/9/19 15:18,1123-01,0,no battery,V
12/9/19,15:29:15,1,WAM,634063253,O1,9.76,min,99.926,%a.s.,Humid,22.039,deg,80347,µV,26.757,°C,1018,hPa,15,pmil,0,53.699,deg,23,°C,100,%a.s.,22.029,deg,26.769,°C,1018,hPa,0.861,-0.02617,0.00035,0,0,13.56,Humid,33.95,0,19,289419.92,SABD0002000013,AAV2.0.0.13,3.0.1.1413,PSt7-10,160531-001,12/9/19 15:18,1123-01,0,no battery,V
12/9/19,15:29:18,1,WAM,634063253,O1,9.81,min,99.914,%a.s.,Humid,22.042,deg,80344,µV,26.745,°C,1018,hPa,15,pmil,0,53.699,deg,23,°C,100,%a.s.,22.029,deg,26.769,°C,1018,hPa,0.861,-0.02617,0.00035,0,0,13.56,Humid,33.95,0,19,289420.47,SABD0002000013,AAV2.0.0.13,3.0.1.1413,PSt7-10,160531-001,12/9/19 15:18,1123-01,0,no battery,V
12/9/19,15:29:21,1,WAM,634063253,O1,9.86,min,99.931,%a.s.,Humid,22.04,deg,80335,µV,26.745,°C,1018,hPa,15,pmil,0,53.699,deg,23,°C,100,%a.s.,22.029,deg,26.769,°C,1018,hPa,0.861,-0.02617,0.00035,0,0,13.56,Humid,33.95,0,19,289413.93,SABD0002000013,AAV2.0.0.13,3.0.1.1413,PSt7-10,160531-001,12/9/19 15:18,1123-01,0,no battery,V
12/9/19,15:29:24,1,WAM,634063253,O1,9.91,min,99.924,%a.s.,Humid,22.04,deg,80336,µV,26.751,°C,1018,hPa,15,pmil,0,53.699,deg,23,°C,100,%a.s.,22.029,deg,26.769,°C,1018,hPa,0.861,-0.02617,0.00035,0,0,13.56,Humid,33.95,0,19,289412.65,SABD0002000013,AAV2.0.0.13,3.0.1.1413,PSt7-10,160531-001,12/9/19 15:18,1123-01,0,no battery,V
12/9/19,15:29:27,1,WAM,634063253,O1,9.96,min,99.949,%a.s.,Humid,22.038,deg,80331,µV,26.745,°C,1018,hPa,15,pmil,0,53.699,deg,23,°C,100,%a.s.,22.029,deg,26.769,°C,1018,hPa,0.861,-0.02617,0.00035,0,0,13.56,Humid,33.95,0,19,289420.81,SABD0002000013,AAV2.0.0.13,3.0.1.1413,PSt7-10,160531-001,12/9/19 15:18,1123-01,0,no battery,V
12/9/19,15:29:30,1,WAM,634063253,O1,10.01,min,99.94,%a.s.,Humid,22.039,deg,80326,µV,26.745,°C,1018,hPa,15,pmil,0,53.699,deg,23,°C,100,%a.s.,22.029,deg,26.769,°C,1018,hPa,0.861,-0.02617,0.00035,0,0,13.56,Humid,33.95,0,19,289419.23,SABD0002000013,AAV2.0.0.13,3.0.1.1413,PSt7-10,160531-001,12/9/19 15:18,1123-01,0,no battery,V
12/9/19,15:29:33,1,WAM,634063253,O1,10.06,min,99.931,%a.s.,Humid,22.04,deg,80334,µV,26.745,°C,1018,hPa,15,pmil,0,53.699,deg,23,°C,100,%a.s.,22.029,deg,26.769,°C,1018,hPa,0.861,-0.02617,0.00035,0,0,13.56,Humid,33.95,0,19,289411.73,SABD0002000013,AAV2.0.0.13,3.0.1.1413,PSt7-10,160531-001,12/9/19 15:18,1123-01,0,no battery,V
12/9/19,15:29:36,1,WAM,634063253,O1,10.11,min,99.951,%a.s.,Humid,22.037,deg,80330,µV,26.751,°C,1018,hPa,15,pmil,0,53.699,deg,23,°C,100,%a.s.,22.029,deg,26.769,°C,1018,hPa,0.861,-0.02617,0.00035,0,0,13.56,Humid,33.95,0,19,289412.81,SABD0002000013,AAV2.0.0.13,3.0.1.1413,PSt7-10,160531-001,12/9/19 15:18,1123-01,0,no battery,V
12/9/19,15:29:39,1,WAM,634063253,O1,10.16,min,99.951,%a.s.,Humid,22.037,deg,80341,µV,26.751,°C,1018,hPa,15,pmil,0,53.699,deg,23,°C,100,%a.s.,22.029,deg,26.769,°C,1018,hPa,0.861,-0.02617,0.00035,0,0,13.56,Humid,33.95,0,19,289415.17,SABD0002000013,AAV2.0.0.13,3.0.1.1413,PSt7-10,160531-001,12/9/19 15:18,1123-01,0,no battery,V
12/9/19,15:29:42,1,WAM,634063253,O1,10.21,min,99.923,%a.s.,Humid,22.041,deg,80333,µV,26.745,°C,1018,hPa,15,pmil,0,53.699,deg,23,°C,100,%a.s.,22.029,deg,26.769,°C,1018,hPa,0.861,-0.02617,0.00035,0,0,13.56,Humid,33.95,0,19,289402.89,SABD0002000013,AAV2.0.0.13,3.0.1.1413,PSt7-10,160531-001,12/9/19 15:18,1123-01,0,no battery,V
12/9/19,15:29:45,1,WAM,634063253,O1,10.26,min,99.986,%a.s.,Humid,22.033,deg,80330,µV,26.751,°C,1018,hPa,15,pmil,0,53.699,deg,23,°C,100,%a.s.,22.029,deg,26.769,°C,1018,hPa,0.861,-0.02617,0.00035,0,0,13.56,Humid,33.95,0,19,289419.67,SABD0002000013,AAV2.0.0.13,3.0.1.1413,PSt7-10,160531-001,12/9/19 15:18,1123-01,0,no battery,V
12/9/19,15:29:48,1,WAM,634063253,O1,10.31,min,99.935,%a.s.,Humid,22.038,deg,80318,µV,26.757,°C,1018,hPa,15,pmil,0,53.699,deg,23,°C,100,%a.s.,22.029,deg,26.769,°C,1018,hPa,0.861,-0.02617,0.00035,0,0,13.56,Humid,33.95,0,19,289402.11,SABD0002000013,AAV2.0.0.13,3.0.1.1413,PSt7-10,160531-001,12/9/19 15:18,1123-01,0,no battery,V
12/9/19,15:29:51,1,WAM,634063253,O1,10.36,min,99.951,%a.s.,Humid,22.037,deg,80316,µV,26.751,°C,1018,hPa,15,pmil,0,53.699,deg,23,°C,100,%a.s.,22.029,deg,26.769,°C,1018,hPa,0.861,-0.02617,0.00035,0,0,13.56,Humid,33.95,0,19,289401.51,SABD0002000013,AAV2.0.0.13,3.0.1.1413,PSt7-10,160531-001,12/9/19 15:18,1123-01,0,no battery,V
12/9/19,15:29:54,1,WAM,634063253,O1,10.41,min,99.935,%a.s.,Humid,22.038,deg,80326,µV,26.757,°C,1018,hPa,15,pmil,0,53.699,deg,23,°C,100,%a.s.,22.029,deg,26.769,°C,1018,hPa,0.861,-0.02617,0.00035,0,0,13.56,Humid,33.95,0,19,289402.96,SABD0002000013,AAV2.0.0.13,3.0.1.1413,PSt7-10,160531-001,12/9/19 15:18,1123-01,0,no battery,V
12/9/19,15:29:57,1,WAM,634063253,O1,10.46,min,99.953,%a.s.,Humid,22.036,deg,80325,µV,26.757,°C,1018,hPa,15,pmil,0,53.699,deg,23,°C,100,%a.s.,22.029,deg,26.769,°C,1018,hPa,0.861,-0.02617,0.00035,0,0,13.56,Humid,33.95,0,19,289414.26,SABD0002000013,AAV2.0.0.13,3.0.1.1413,PSt7-10,160531-001,12/9/19 15:18,1123-01,0,no battery,V
12/9/19,15:30:00,1,WAM,634063253,O1,10.51,min,99.961,%a.s.,Humid,22.035,deg,80323,µV,26.757,°C,1018,hPa,15,pmil,0,53.699,deg,23,°C,100,%a.s.,22.029,deg,26.769,°C,1018,hPa,0.861,-0.02617,0.00035,0,0,13.56,Humid,33.95,0,19,289411.88,SABD0002000013,AAV2.0.0.13,3.0.1.1413,PSt7-10,160531-001,12/9/19 15:18,1123-01,0,no battery,V
12/9/19,15:30:03,1,WAM,634063253,O1,10.56,min,99.968,%a.s.,Humid,22.035,deg,80322,µV,26.751,°C,1018,hPa,15,pmil,0,53.699,deg,23,°C,100,%a.s.,22.029,deg,26.769,°C,1018,hPa,0.861,-0.02617,0.00035,0,0,13.56,Humid,33.95,0,19,289403.62,SABD0002000013,AAV2.0.0.13,3.0.1.1413,PSt7-10,160531-001,12/9/19 15:18,1123-01,0,no battery,V
12/9/19,15:30:06,1,WAM,634063253,O1,10.61,min,99.942,%a.s.,Humid,22.038,deg,80322,µV,26.751,°C,1018,hPa,15,pmil,0,53.699,deg,23,°C,100,%a.s.,22.029,deg,26.769,°C,1018,hPa,0.861,-0.02617,0.00035,0,0,13.56,Humid,33.95,0,19,289406.87,SABD0002000013,AAV2.0.0.13,3.0.1.1413,PSt7-10,160531-001,12/9/19 15:18,1123-01,0,no battery,V
12/9/19,15:30:09,1,WAM,634063253,O1,10.66,min,99.97,%a.s.,Humid,22.034,deg,80318,µV,26.757,°C,1018,hPa,15,pmil,0,53.699,deg,23,°C,100,%a.s.,22.029,deg,26.769,°C,1018,hPa,0.861,-0.02617,0.00035,0,0,13.56,Humid,33.95,0,19,289398.16,SABD0002000013,AAV2.0.0.13,3.0.1.1413,PSt7-10,160531-001,12/9/19 15:18,1123-01,0,no battery,V
12/9/19,15:30:12,1,WAM,634063253,O1,10.71,min,99.972,%a.s.,Humid,22.033,deg,80313,µV,26.763,°C,1018,hPa,15,pmil,0,53.699,deg,23,°C,100,%a.s.,22.029,deg,26.769,°C,1018,hPa,0.861,-0.02617,0.00035,0,0,13.56,Humid,33.95,0,19,289410.58,SABD0002000013,AAV2.0.0.13,3.0.1.1413,PSt7-10,160531-001,12/9/19 15:18,1123-01,0,no battery,V
12/9/19,15:30:15,1,WAM,634063253,O1,10.76,min,99.96,%a.s.,Humid,22.036,deg,80306,µV,26.751,°C,1018,hPa,15,pmil,0,53.699,deg,23,°C,100,%a.s.,22.029,deg,26.769,°C,1018,hPa,0.861,-0.02617,0.00035,0,0,13.56,Humid,33.95,0,19,289414.86,SABD0002000013,AAV2.0.0.13,3.0.1.1413,PSt7-10,160531-001,12/9/19 15:18,1123-01,0,no battery,V
12/9/19,15:30:18,1,WAM,634063253,O1,10.81,min,99.961,%a.s.,Humid,22.035,deg,80306,µV,26.757,°C,1018,hPa,15,pmil,0,53.699,deg,23,°C,100,%a.s.,22.029,deg,26.769,°C,1018,hPa,0.861,-0.02617,0.00035,0,0,13.56,Humid,33.95,0,19,289406.96,SABD0002000013,AAV2.0.0.13,3.0.1.1413,PSt7-10,160531-001,12/9/19 15:18,1123-01,0,no battery,V
12/9/19,15:30:21,1,WAM,634063253,O1,10.86,min,99.977,%a.s.,Humid,22.034,deg,80305,µV,26.751,°C,1018,hPa,15,pmil,0,53.699,deg,23,°C,100,%a.s.,22.029,deg,26.769,°C,1018,hPa,0.861,-0.02617,0.00035,0,0,13.56,Humid,33.95,0,19,289406.92,SABD0002000013,AAV2.0.0.13,3.0.1.1413,PSt7-10,160531-001,12/9/19 15:18,1123-01,0,no battery,V
12/9/19,15:30:24,1,WAM,634063253,O1,10.91,min,99.96,%a.s.,Humid,22.036,deg,80304,µV,26.751,°C,1018,hPa,15,pmil,0,53.699,deg,23,°C,100,%a.s.,22.029,deg,26.769,°C,1018,hPa,0.861,-0.02617,0.00035,0,0,13.56,Humid,33.95,0,19,289394.54,SABD0002000013,AAV2.0.0.13,3.0.1.1413,PSt7-10,160531-001,12/9/19 15:18,1123-01,0,no battery,V
12/9/19,15:30:27,1,WAM,634063253,O1,10.96,min,99.995,%a.s.,Humid,22.032,deg,80300,µV,26.751,°C,1018,hPa,15,pmil,0,53.699,deg,23,°C,100,%a.s.,22.029,deg,26.769,°C,1018,hPa,0.861,-0.02617,0.00035,0,0,13.56,Humid,33.95,0,19,289392.79,SABD0002000013,AAV2.0.0.13,3.0.1.1413,PSt7-10,160531-001,12/9/19 15:18,1123-01,0,no battery,V
12/9/19,15:30:30,1,WAM,634063253,O1,11.01,min,99.986,%a.s.,Humid,22.033,deg,80302,µV,26.751,°C,1018,hPa,15,pmil,0,53.699,deg,23,°C,100,%a.s.,22.029,deg,26.769,°C,1018,hPa,0.861,-0.02617,0.00035,0,0,13.56,Humid,33.95,0,19,289408.67,SABD0002000013,AAV2.0.0.13,3.0.1.1413,PSt7-10,160531-001,12/9/19 15:18,1123-01,0,no battery,V
12/9/19,15:30:33,1,WAM,634063253,O1,11.06,min,99.953,%a.s.,Humid,22.036,deg,80306,µV,26.757,°C,1018,hPa,15,pmil,0,53.699,deg,23,°C,100,%a.s.,22.029,deg,26.769,°C,1018,hPa,0.861,-0.02617,0.00035,0,0,13.56,Humid,33.95,0,19,289407.31,SABD0002000013,AAV2.0.0.13,3.0.1.1413,PSt7-10,160531-001,12/9/19 15:18,1123-01,0,no battery,V